page_id,title,diff_url,revision_id,timestamp,contributor_ip
1643,Science fiction,http://sv.wikipedia.org/w/index.php?diff=25762979,25762979,1403861690,195.67.88.218
207576,Fantastik,http://sv.wikipedia.org/w/index.php?diff=25762966,25762966,1403861640,195.67.88.218
207576,Fantastik,http://sv.wikipedia.org/w/index.php?diff=25762946,25762946,1403861566,195.67.88.218
1643,Science fiction,http://sv.wikipedia.org/w/index.php?diff=25762931,25762931,1403861508,195.67.88.218
3947636,Pavel Gubarev,http://sv.wikipedia.org/w/index.php?diff=25703053,25703053,1403683971,195.67.88.218
862831,Amineh Kakabaveh,http://sv.wikipedia.org/w/index.php?diff=25642478,25642478,1403526202,195.67.88.218
1152461,Andrij Melnyk,http://sv.wikipedia.org/w/index.php?diff=25483762,25483762,1402921232,195.67.88.218
3947821,Dmitrij Bogrov,http://sv.wikipedia.org/w/index.php?diff=25483738,25483738,1402921135,195.67.88.218
940940,Roman Sjuchevitj,http://sv.wikipedia.org/w/index.php?diff=25483702,25483702,1402920953,195.67.88.218
940940,Roman Sjuchevitj,http://sv.wikipedia.org/w/index.php?diff=25483507,25483507,1402920120,195.67.88.218
940940,Roman Sjuchevitj,http://sv.wikipedia.org/w/index.php?diff=25483498,25483498,1402920092,195.67.88.218
61315,Tabriz,http://sv.wikipedia.org/w/index.php?diff=25354016,25354016,1402399374,195.67.88.218
61315,Tabriz,http://sv.wikipedia.org/w/index.php?diff=25354003,25354003,1402399315,195.67.88.218
162624,Gəncə,http://sv.wikipedia.org/w/index.php?diff=25353980,25353980,1402399218,195.67.88.218
721677,Stefan Löfven,http://sv.wikipedia.org/w/index.php?diff=25241266,25241266,1401888799,195.67.88.218
719656,Kirovohrad,http://sv.wikipedia.org/w/index.php?diff=25168741,25168741,1401284140,195.67.88.219
48387,Häradsrätt,http://sv.wikipedia.org/w/index.php?diff=25135622,25135622,1400586733,195.67.88.219
114276,Rossana Dinamarca,http://sv.wikipedia.org/w/index.php?diff=25135604,25135604,1400586212,195.67.88.219
660344,Strykjärnet,http://sv.wikipedia.org/w/index.php?diff=25120637,25120637,1400229431,195.67.88.219
3960135,Olga Bogomolets,http://sv.wikipedia.org/w/index.php?diff=25092098,25092098,1399547992,195.67.88.219
3958899,Oleg Tsarjov,http://sv.wikipedia.org/w/index.php?diff=25092076,25092076,1399547673,195.67.88.219
3958884,Jurij Bojko,http://sv.wikipedia.org/w/index.php?diff=25092067,25092067,1399547557,195.67.88.219
3954959,Aleksandr Muzytjko,http://sv.wikipedia.org/w/index.php?diff=25089170,25089170,1399473672,195.67.88.219
3947233,Högra Sektorn,http://sv.wikipedia.org/w/index.php?diff=25089167,25089167,1399473647,195.67.88.219
3947233,Högra Sektorn,http://sv.wikipedia.org/w/index.php?diff=25089165,25089165,1399473619,195.67.88.219
1134374,Presidentvalet i Ukraina 2014,http://sv.wikipedia.org/w/index.php?diff=25089153,25089153,1399473495,195.67.88.219
3958900,Vasyl Tsusjko,http://sv.wikipedia.org/w/index.php?diff=25089151,25089151,1399473421,195.67.88.219
3958898,Zorjan Sjkirjak,http://sv.wikipedia.org/w/index.php?diff=25089148,25089148,1399473380,195.67.88.219
3958896,Vadym Rabinovytj,http://sv.wikipedia.org/w/index.php?diff=25089142,25089142,1399473319,195.67.88.219
3958890,Mykola Malomuzj,http://sv.wikipedia.org/w/index.php?diff=25089138,25089138,1399473254,195.67.88.219
3958891,Oleh Ljasjko,http://sv.wikipedia.org/w/index.php?diff=25089137,25089137,1399473223,195.67.88.219
3958892,Vasyl Kujbida,http://sv.wikipedia.org/w/index.php?diff=25089135,25089135,1399473190,195.67.88.219
3958894,Valerij Konovaljuk,http://sv.wikipedia.org/w/index.php?diff=25089133,25089133,1399473163,195.67.88.219
3958899,Oleg Tsarjov,http://sv.wikipedia.org/w/index.php?diff=25089132,25089132,1399473129,195.67.88.219
3954022,Oleh Magnitskiy,http://sv.wikipedia.org/w/index.php?diff=25089130,25089130,1399473097,195.67.88.219
3958899,Oleg Tsarjov,http://sv.wikipedia.org/w/index.php?diff=25089125,25089125,1399473008,195.67.88.219
3958899,Oleg Tsarjov,http://sv.wikipedia.org/w/index.php?diff=25089124,25089124,1399472987,195.67.88.219
3958899,Oleg Tsarjov,http://sv.wikipedia.org/w/index.php?diff=25089121,25089121,1399472943,195.67.88.219
3958886,Anatolij Hrytsenko,http://sv.wikipedia.org/w/index.php?diff=25089115,25089115,1399472841,195.67.88.219
3958886,Anatolij Hrytsenko,http://sv.wikipedia.org/w/index.php?diff=25089113,25089113,1399472824,195.67.88.219
3958885,Andrij Hrynenko,http://sv.wikipedia.org/w/index.php?diff=25089112,25089112,1399472793,195.67.88.219
3958884,Jurij Bojko,http://sv.wikipedia.org/w/index.php?diff=25089109,25089109,1399472741,195.67.88.219
1134374,Presidentvalet i Ukraina 2014,http://sv.wikipedia.org/w/index.php?diff=25089105,25089105,1399472691,195.67.88.219
3958887,Mychajlo Dobkin,http://sv.wikipedia.org/w/index.php?diff=25089102,25089102,1399472651,195.67.88.219
3958887,Mychajlo Dobkin,http://sv.wikipedia.org/w/index.php?diff=25089100,25089100,1399472629,195.67.88.219
3958887,Mychajlo Dobkin,http://sv.wikipedia.org/w/index.php?diff=25089098,25089098,1399472611,195.67.88.219
3958887,Mychajlo Dobkin,http://sv.wikipedia.org/w/index.php?diff=25089094,25089094,1399472598,195.67.88.219
118585,Cecilia Nilsson (politiker),http://sv.wikipedia.org/w/index.php?diff=25079931,25079931,1399296643,195.67.88.219
152169,Vänsterförbundet,http://sv.wikipedia.org/w/index.php?diff=25079490,25079490,1399288974,195.67.88.219
1006805,Århuskonventionen,http://sv.wikipedia.org/w/index.php?diff=25059278,25059278,1398858730,195.67.88.219
1006805,Århuskonventionen,http://sv.wikipedia.org/w/index.php?diff=25059275,25059275,1398858690,195.67.88.219
814365,Diskussion:Täby kommun,http://sv.wikipedia.org/w/index.php?diff=25001388,25001388,1397464867,195.67.88.219
1007374,Iranofil,http://sv.wikipedia.org/w/index.php?diff=24995514,24995514,1397301845,195.67.88.219
15105,Konservatism,http://sv.wikipedia.org/w/index.php?diff=24991896,24991896,1397209870,195.67.88.217
182716,Visegrád,http://sv.wikipedia.org/w/index.php?diff=24966622,24966622,1396600982,195.67.88.219
1648203,Lonsdaleit,http://sv.wikipedia.org/w/index.php?diff=24956363,24956363,1396352404,195.67.88.219
15678,Göta älvbron,http://sv.wikipedia.org/w/index.php?diff=24938265,24938265,1395932996,195.67.88.219
95208,Jan Johansson,http://sv.wikipedia.org/w/index.php?diff=24932119,24932119,1395824528,195.67.88.219
725412,Bijan Fahimi,http://sv.wikipedia.org/w/index.php?diff=24901073,24901073,1395219136,195.67.88.219
3921858,Ilmari Kianto,http://sv.wikipedia.org/w/index.php?diff=24882493,24882493,1394810269,195.67.88.219
28306,Novgorod,http://sv.wikipedia.org/w/index.php?diff=24874164,24874164,1394645050,195.67.88.219
521592,Tomas Tobé,http://sv.wikipedia.org/w/index.php?diff=24846638,24846638,1394118083,195.67.88.219
521592,Tomas Tobé,http://sv.wikipedia.org/w/index.php?diff=24846555,24846555,1394117188,195.67.88.219
521592,Tomas Tobé,http://sv.wikipedia.org/w/index.php?diff=24846479,24846479,1394115663,195.67.88.219
521592,Tomas Tobé,http://sv.wikipedia.org/w/index.php?diff=24846478,24846478,1394115644,195.67.88.219
521592,Tomas Tobé,http://sv.wikipedia.org/w/index.php?diff=24846394,24846394,1394114194,195.67.88.219
1607424,Benjamin Dousa,http://sv.wikipedia.org/w/index.php?diff=24846241,24846241,1394112057,195.67.88.219
1607424,Benjamin Dousa,http://sv.wikipedia.org/w/index.php?diff=24846238,24846238,1394111985,195.67.88.219
3896367,Karin Östring Bergman,http://sv.wikipedia.org/w/index.php?diff=24844118,24844118,1394051819,195.67.88.219
754619,Visegradgruppen,http://sv.wikipedia.org/w/index.php?diff=24839082,24839082,1393939209,195.67.88.219
303791,Shawarma,http://sv.wikipedia.org/w/index.php?diff=24830622,24830622,1393844981,195.67.88.219
105719,Sydossetien,http://sv.wikipedia.org/w/index.php?diff=24830542,24830542,1393843433,195.67.88.219
105719,Sydossetien,http://sv.wikipedia.org/w/index.php?diff=24830540,24830540,1393843399,195.67.88.219
32065,Pinsk,http://sv.wikipedia.org/w/index.php?diff=24779216,24779216,1392841683,195.67.88.219
109345,Europeiska radio- och TV-unionen,http://sv.wikipedia.org/w/index.php?diff=24767502,24767502,1392647493,195.67.88.218
552023,Kallaste,http://sv.wikipedia.org/w/index.php?diff=24746912,24746912,1392218233,195.67.88.218
43512,Torv,http://sv.wikipedia.org/w/index.php?diff=24745788,24745788,1392205727,195.67.88.218
16714,Alice Babs,http://sv.wikipedia.org/w/index.php?diff=24742207,24742207,1392134309,195.67.88.218
16714,Alice Babs,http://sv.wikipedia.org/w/index.php?diff=24742198,24742198,1392134234,195.67.88.218
393969,Gunvor G. Ericson,http://sv.wikipedia.org/w/index.php?diff=24724209,24724209,1391805441,195.67.88.218
1374537,Markus Wiechel,http://sv.wikipedia.org/w/index.php?diff=24719266,24719266,1391700949,195.67.88.218
1374537,Markus Wiechel,http://sv.wikipedia.org/w/index.php?diff=24719260,24719260,1391700840,195.67.88.218
1048249,Diskussion:Transkarpatien,http://sv.wikipedia.org/w/index.php?diff=24715012,24715012,1391612186,195.67.88.218
351334,Ivano-Frankivsk,http://sv.wikipedia.org/w/index.php?diff=24714137,24714137,1391595360,195.67.88.218
594883,Relining,http://sv.wikipedia.org/w/index.php?diff=24712343,24712343,1391542489,195.67.88.218
721677,Stefan Löfven,http://sv.wikipedia.org/w/index.php?diff=24678051,24678051,1390816223,195.67.88.218
721677,Stefan Löfven,http://sv.wikipedia.org/w/index.php?diff=24678035,24678035,1390816116,195.67.88.218
534070,Portal:EU/Utvald artikel/13,http://sv.wikipedia.org/w/index.php?diff=24667694,24667694,1390562186,195.67.88.218
2788172,Georg Hackenschmidt,http://sv.wikipedia.org/w/index.php?diff=24663012,24663012,1390471699,195.67.88.218
330175,Hans Backman,http://sv.wikipedia.org/w/index.php?diff=24650279,24650279,1390213165,195.67.88.218
330175,Hans Backman,http://sv.wikipedia.org/w/index.php?diff=24650273,24650273,1390213085,195.67.88.218
111287,Christer Nylander,http://sv.wikipedia.org/w/index.php?diff=24650245,24650245,1390212580,195.67.88.218
111287,Christer Nylander,http://sv.wikipedia.org/w/index.php?diff=24650236,24650236,1390212428,195.67.88.218
111287,Christer Nylander,http://sv.wikipedia.org/w/index.php?diff=24639970,24639970,1389961519,195.67.88.218
111287,Christer Nylander,http://sv.wikipedia.org/w/index.php?diff=24639964,24639964,1389961433,195.67.88.218
111287,Christer Nylander,http://sv.wikipedia.org/w/index.php?diff=24639929,24639929,1389961071,195.67.88.218
42317,Ali Esbati,http://sv.wikipedia.org/w/index.php?diff=24633514,24633514,1389807011,195.67.88.218
6594,Sveriges riksdag,http://sv.wikipedia.org/w/index.php?diff=24624441,24624441,1389631303,195.67.88.218
16989,Lev Trotskij,http://sv.wikipedia.org/w/index.php?diff=24466776,24466776,1387271116,195.67.88.219
2777,Magnus Eriksson,http://sv.wikipedia.org/w/index.php?diff=24459558,24459558,1387203010,195.67.88.219
2777,Magnus Eriksson,http://sv.wikipedia.org/w/index.php?diff=24459555,24459555,1387202995,195.67.88.219
650194,Örebro läns valkrets,http://sv.wikipedia.org/w/index.php?diff=24427359,24427359,1386597316,195.67.88.222
526102,Valfrihet,http://sv.wikipedia.org/w/index.php?diff=24410702,24410702,1386344840,195.67.88.219
339639,Hendrik Verwoerd,http://sv.wikipedia.org/w/index.php?diff=24409030,24409030,1386325802,195.67.88.219
339639,Hendrik Verwoerd,http://sv.wikipedia.org/w/index.php?diff=24409025,24409025,1386325726,195.67.88.219
199697,F.W. de Klerk,http://sv.wikipedia.org/w/index.php?diff=24409020,24409020,1386325607,195.67.88.219
6996,Lottorna,http://sv.wikipedia.org/w/index.php?diff=24405645,24405645,1386251611,195.67.88.219
980188,Stellan Bojerud,http://sv.wikipedia.org/w/index.php?diff=24403363,24403363,1386189329,195.67.88.219
899701,Litauiska nationella unionen,http://sv.wikipedia.org/w/index.php?diff=24397281,24397281,1386096763,195.67.88.219
899701,Litauiska nationella unionen,http://sv.wikipedia.org/w/index.php?diff=24397280,24397280,1386096742,195.67.88.219
899701,Litauiska nationella unionen,http://sv.wikipedia.org/w/index.php?diff=24397277,24397277,1386096711,195.67.88.219
899701,Litauiska nationella unionen,http://sv.wikipedia.org/w/index.php?diff=24397272,24397272,1386096655,195.67.88.219
363670,Mehmet Kaplan,http://sv.wikipedia.org/w/index.php?diff=24395477,24395477,1386072948,195.67.88.219
2190,Ösel,http://sv.wikipedia.org/w/index.php?diff=24377773,24377773,1385714040,195.67.88.219
477563,Niklas Wykman,http://sv.wikipedia.org/w/index.php?diff=24371941,24371941,1385564859,195.67.88.219
477563,Niklas Wykman,http://sv.wikipedia.org/w/index.php?diff=24371902,24371902,1385564370,195.67.88.219
477563,Niklas Wykman,http://sv.wikipedia.org/w/index.php?diff=24371844,24371844,1385563762,195.67.88.219
1059519,Bergsbrukens valdistrikt,http://sv.wikipedia.org/w/index.php?diff=24335191,24335191,1384949088,195.67.88.222
3018151,Diskussion:Whistleblower,http://sv.wikipedia.org/w/index.php?diff=24290806,24290806,1383904224,195.67.88.219
2812360,Edward Snowden,http://sv.wikipedia.org/w/index.php?diff=24290803,24290803,1383904145,195.67.88.219
867748,Staffan Anger,http://sv.wikipedia.org/w/index.php?diff=24280904,24280904,1383660335,195.67.88.219
867748,Staffan Anger,http://sv.wikipedia.org/w/index.php?diff=24261344,24261344,1383150246,195.67.88.219
867748,Staffan Anger,http://sv.wikipedia.org/w/index.php?diff=24261325,24261325,1383149617,195.67.88.219
867748,Staffan Anger,http://sv.wikipedia.org/w/index.php?diff=24261322,24261322,1383149526,195.67.88.219
867748,Staffan Anger,http://sv.wikipedia.org/w/index.php?diff=24261316,24261316,1383149402,195.67.88.219
867748,Staffan Anger,http://sv.wikipedia.org/w/index.php?diff=24261200,24261200,1383146512,195.67.88.219
867748,Staffan Anger,http://sv.wikipedia.org/w/index.php?diff=24261189,24261189,1383146278,195.67.88.219
867748,Staffan Anger,http://sv.wikipedia.org/w/index.php?diff=24261168,24261168,1383145914,195.67.88.219
867748,Staffan Anger,http://sv.wikipedia.org/w/index.php?diff=24261131,24261131,1383145103,195.67.88.219
867748,Staffan Anger,http://sv.wikipedia.org/w/index.php?diff=24261130,24261130,1383145081,195.67.88.219
867748,Staffan Anger,http://sv.wikipedia.org/w/index.php?diff=24261115,24261115,1383144898,195.67.88.222
867748,Staffan Anger,http://sv.wikipedia.org/w/index.php?diff=24261103,24261103,1383144701,195.67.88.222
867748,Staffan Anger,http://sv.wikipedia.org/w/index.php?diff=24261088,24261088,1383144458,195.67.88.222
867748,Staffan Anger,http://sv.wikipedia.org/w/index.php?diff=24261045,24261045,1383143767,195.67.88.219
867748,Staffan Anger,http://sv.wikipedia.org/w/index.php?diff=24260954,24260954,1383142447,195.67.88.219
6395,Axel Wallengren,http://sv.wikipedia.org/w/index.php?diff=24240890,24240890,1382639014,195.67.88.219
1262765,Marta Obminska,http://sv.wikipedia.org/w/index.php?diff=24239608,24239608,1382617769,195.67.88.222
1262765,Marta Obminska,http://sv.wikipedia.org/w/index.php?diff=24239600,24239600,1382617692,195.67.88.222
1647110,SAMAK,http://sv.wikipedia.org/w/index.php?diff=24234559,24234559,1382514584,195.67.88.222
30234,Alruna,http://sv.wikipedia.org/w/index.php?diff=24229585,24229585,1382442495,195.67.88.218
30234,Alruna,http://sv.wikipedia.org/w/index.php?diff=24229563,24229563,1382442440,195.67.88.218
30234,Alruna,http://sv.wikipedia.org/w/index.php?diff=24229557,24229557,1382442417,195.67.88.218
63785,János Hunyadi,http://sv.wikipedia.org/w/index.php?diff=24118384,24118384,1382019904,195.67.88.218
63785,János Hunyadi,http://sv.wikipedia.org/w/index.php?diff=24118382,24118382,1382019871,195.67.88.218
2994,Sverker den äldre,http://sv.wikipedia.org/w/index.php?diff=24118307,24118307,1382018913,195.67.88.218
1206710,Géza Gárdonyi,http://sv.wikipedia.org/w/index.php?diff=24112317,24112317,1381911158,195.67.88.218
56068,Fredrick Federley,http://sv.wikipedia.org/w/index.php?diff=24080343,24080343,1381568971,195.67.88.218
977035,Victoria Tower,http://sv.wikipedia.org/w/index.php?diff=24069800,24069800,1381477462,195.67.88.218
980188,Stellan Bojerud,http://sv.wikipedia.org/w/index.php?diff=23973480,23973480,1380904739,195.67.88.218
980188,Stellan Bojerud,http://sv.wikipedia.org/w/index.php?diff=23973316,23973316,1380904104,195.67.88.218
304041,Fredrik Bojerud,http://sv.wikipedia.org/w/index.php?diff=23972606,23972606,1380899798,195.67.88.218
1071132,Astrakan (äpple),http://sv.wikipedia.org/w/index.php?diff=23929248,23929248,1380620101,195.67.88.218
108270,Skövde,http://sv.wikipedia.org/w/index.php?diff=23929156,23929156,1380619593,195.67.88.218
1647110,SAMAK,http://sv.wikipedia.org/w/index.php?diff=23916405,23916405,1380547305,195.67.88.218
513884,Ivor Thord-Gray,http://sv.wikipedia.org/w/index.php?diff=23891547,23891547,1380412714,195.67.88.218
700818,Lista över justitieombudsmän i Sverige,http://sv.wikipedia.org/w/index.php?diff=23853479,23853479,1380194977,195.67.88.218
1589753,Socialfilosofi,http://sv.wikipedia.org/w/index.php?diff=23802504,23802504,1379591443,195.67.88.218
1589753,Socialfilosofi,http://sv.wikipedia.org/w/index.php?diff=23802501,23802501,1379591394,195.67.88.218
1066747,Elof Eriksson,http://sv.wikipedia.org/w/index.php?diff=23802229,23802229,1379585441,195.67.88.218
2471742,Järnrörsskandalen,http://sv.wikipedia.org/w/index.php?diff=23801875,23801875,1379578401,195.67.88.218
2471742,Järnrörsskandalen,http://sv.wikipedia.org/w/index.php?diff=23801868,23801868,1379578275,195.67.88.218
491325,Elisabeth Svantesson,http://sv.wikipedia.org/w/index.php?diff=23794985,23794985,1379429469,195.67.88.218
491325,Elisabeth Svantesson,http://sv.wikipedia.org/w/index.php?diff=23794964,23794964,1379429130,195.67.88.218
896723,Rolf Nordenstreng,http://sv.wikipedia.org/w/index.php?diff=23790638,23790638,1379321888,195.67.88.218
896723,Rolf Nordenstreng,http://sv.wikipedia.org/w/index.php?diff=23790636,23790636,1379321869,195.67.88.218
896723,Rolf Nordenstreng,http://sv.wikipedia.org/w/index.php?diff=23790628,23790628,1379321759,195.67.88.218
2893,Strontium,http://sv.wikipedia.org/w/index.php?diff=23769966,23769966,1378800278,195.67.88.218
1209870,Stefan Svanström,http://sv.wikipedia.org/w/index.php?diff=23705648,23705648,1378389842,195.67.88.218
1209870,Stefan Svanström,http://sv.wikipedia.org/w/index.php?diff=23705565,23705565,1378389487,195.67.88.218
1539186,Enbomaffären,http://sv.wikipedia.org/w/index.php?diff=23663495,23663495,1378057738,195.67.88.218
38959,Fritiof Enbom,http://sv.wikipedia.org/w/index.php?diff=23663489,23663489,1378057568,195.67.88.218
101445,Kent Härstedt,http://sv.wikipedia.org/w/index.php?diff=23661240,23661240,1378023501,195.67.88.218
171650,Hijaz,http://sv.wikipedia.org/w/index.php?diff=23638047,23638047,1377683710,195.67.88.218
878619,Törringe kyrka,http://sv.wikipedia.org/w/index.php?diff=23637577,23637577,1377681714,195.67.88.218
743444,Germanism (ideologi),http://sv.wikipedia.org/w/index.php?diff=23523383,23523383,1377159422,195.67.88.218
513884,Ivor Thord-Gray,http://sv.wikipedia.org/w/index.php?diff=23512129,23512129,1377105842,195.67.88.218
513884,Ivor Thord-Gray,http://sv.wikipedia.org/w/index.php?diff=23512068,23512068,1377105551,195.67.88.218
109345,Europeiska radio- och TV-unionen,http://sv.wikipedia.org/w/index.php?diff=23511435,23511435,1377094543,195.67.88.218
986187,E-delegationen,http://sv.wikipedia.org/w/index.php?diff=23510306,23510306,1377073404,195.67.88.218
103304,Wilhelm Ostwald,http://sv.wikipedia.org/w/index.php?diff=23474177,23474177,1376910212,195.67.88.218
103304,Wilhelm Ostwald,http://sv.wikipedia.org/w/index.php?diff=23474166,23474166,1376910171,195.67.88.218
743444,Germanism (ideologi),http://sv.wikipedia.org/w/index.php?diff=23474153,23474153,1376910105,195.67.88.218
363670,Mehmet Kaplan,http://sv.wikipedia.org/w/index.php?diff=23413761,23413761,1376679371,195.67.88.218
48061,Zlatan Ibrahimović,http://sv.wikipedia.org/w/index.php?diff=23362559,23362559,1376510445,195.67.88.218
980188,Stellan Bojerud,http://sv.wikipedia.org/w/index.php?diff=23362195,23362195,1376508908,195.67.88.218
980188,Stellan Bojerud,http://sv.wikipedia.org/w/index.php?diff=23362120,23362120,1376508726,195.67.88.218
980188,Stellan Bojerud,http://sv.wikipedia.org/w/index.php?diff=23361974,23361974,1376508422,195.67.88.218
980188,Stellan Bojerud,http://sv.wikipedia.org/w/index.php?diff=23361630,23361630,1376507496,195.67.88.218
980188,Stellan Bojerud,http://sv.wikipedia.org/w/index.php?diff=23361617,23361617,1376507459,195.67.88.218
980188,Stellan Bojerud,http://sv.wikipedia.org/w/index.php?diff=23265978,23265978,1376239836,195.67.88.218
293681,Gulan Avci,http://sv.wikipedia.org/w/index.php?diff=23239399,23239399,1376132832,195.67.88.218
96414,Fredrik Malm,http://sv.wikipedia.org/w/index.php?diff=23239360,23239360,1376132713,195.67.88.218
1871954,Avpixlat,http://sv.wikipedia.org/w/index.php?diff=23158845,23158845,1375879966,195.67.88.218
1871954,Avpixlat,http://sv.wikipedia.org/w/index.php?diff=23158806,23158806,1375879828,195.67.88.218
9876,Centerpartiet,http://sv.wikipedia.org/w/index.php?diff=23125421,23125421,1375790142,195.67.88.218
9876,Centerpartiet,http://sv.wikipedia.org/w/index.php?diff=23125400,23125400,1375790078,195.67.88.218
531853,Ulla-Britt Hagström,http://sv.wikipedia.org/w/index.php?diff=23089449,23089449,1375693501,195.67.88.219
207724,Mats Johansson (journalist),http://sv.wikipedia.org/w/index.php?diff=23063851,23063851,1375621909,195.67.88.219
207724,Mats Johansson (journalist),http://sv.wikipedia.org/w/index.php?diff=23063679,23063679,1375621442,195.67.88.219
980188,Stellan Bojerud,http://sv.wikipedia.org/w/index.php?diff=23015067,23015067,1375390281,195.67.88.219
1214976,Diskussion:Åtvidaberg,http://sv.wikipedia.org/w/index.php?diff=22974811,22974811,1375266537,195.67.88.219
513884,Ivor Thord-Gray,http://sv.wikipedia.org/w/index.php?diff=22882350,22882350,1374788985,195.67.88.219
513884,Ivor Thord-Gray,http://sv.wikipedia.org/w/index.php?diff=22882290,22882290,1374788808,195.67.88.219
980188,Stellan Bojerud,http://sv.wikipedia.org/w/index.php?diff=22437910,22437910,1373572312,195.67.88.219
307171,Oskar Öholm,http://sv.wikipedia.org/w/index.php?diff=22248158,22248158,1373028620,195.67.88.219
617229,"TV-huset, Stockholm",http://sv.wikipedia.org/w/index.php?diff=22193689,22193689,1372756562,195.67.88.219
617229,"TV-huset, Stockholm",http://sv.wikipedia.org/w/index.php?diff=22193676,22193676,1372756507,195.67.88.219
617229,"TV-huset, Stockholm",http://sv.wikipedia.org/w/index.php?diff=22193219,22193219,1372753379,195.67.88.219
491687,Emma Henriksson,http://sv.wikipedia.org/w/index.php?diff=22036674,22036674,1372170607,195.67.88.219
721677,Stefan Löfven,http://sv.wikipedia.org/w/index.php?diff=22006007,22006007,1372080199,195.67.88.219
185298,Euhemeros,http://sv.wikipedia.org/w/index.php?diff=22004966,22004966,1372077027,195.67.88.222
109345,Europeiska radio- och TV-unionen,http://sv.wikipedia.org/w/index.php?diff=21847324,21847324,1371650933,195.67.88.222
109345,Europeiska radio- och TV-unionen,http://sv.wikipedia.org/w/index.php?diff=21847002,21847002,1371650058,195.67.88.222
109345,Europeiska radio- och TV-unionen,http://sv.wikipedia.org/w/index.php?diff=21845987,21845987,1371647747,195.67.88.222
109345,Europeiska radio- och TV-unionen,http://sv.wikipedia.org/w/index.php?diff=21845956,21845956,1371647679,195.67.88.222
412563,Företagarna,http://sv.wikipedia.org/w/index.php?diff=21842540,21842540,1371636549,195.67.88.219
202917,Aaron Antonovsky,http://sv.wikipedia.org/w/index.php?diff=21705040,21705040,1371120723,195.67.88.219
112247,Vanderlei Luxemburgo,http://sv.wikipedia.org/w/index.php?diff=21673121,21673121,1370438455,195.67.88.219
491325,Elisabeth Svantesson,http://sv.wikipedia.org/w/index.php?diff=21653041,21653041,1369999410,195.67.88.219
491325,Elisabeth Svantesson,http://sv.wikipedia.org/w/index.php?diff=21653024,21653024,1369999113,195.67.88.219
50177,Åsele,http://sv.wikipedia.org/w/index.php?diff=21651079,21651079,1369935565,195.67.88.219
41929,Aristokrati,http://sv.wikipedia.org/w/index.php?diff=21649997,21649997,1369912447,195.67.88.219
1701295,Diskussion:Markus Wiechel,http://sv.wikipedia.org/w/index.php?diff=21626656,21626656,1369423080,195.67.88.219
1374537,Markus Wiechel,http://sv.wikipedia.org/w/index.php?diff=21626640,21626640,1369422795,195.67.88.219
1374537,Markus Wiechel,http://sv.wikipedia.org/w/index.php?diff=21626631,21626631,1369422707,195.67.88.219
89407,Personalism,http://sv.wikipedia.org/w/index.php?diff=21589098,21589098,1368616247,195.67.88.219
2143152,Vårby skola,http://sv.wikipedia.org/w/index.php?diff=21584371,21584371,1368531506,195.67.88.219
77197,Soliditet,http://sv.wikipedia.org/w/index.php?diff=21558550,21558550,1368013535,195.67.88.217
1169283,Riksdagens utredningstjänst,http://sv.wikipedia.org/w/index.php?diff=21399136,21399136,1365594928,195.67.88.218
1169283,Riksdagens utredningstjänst,http://sv.wikipedia.org/w/index.php?diff=21399118,21399118,1365594722,195.67.88.218
33229,Lars Ohly,http://sv.wikipedia.org/w/index.php?diff=21398249,21398249,1365585296,195.67.88.218
89407,Personalism,http://sv.wikipedia.org/w/index.php?diff=21394084,21394084,1365519293,195.67.88.218
1169283,Riksdagens utredningstjänst,http://sv.wikipedia.org/w/index.php?diff=21379717,21379717,1365413413,195.67.88.219
1005081,Nikolaj Losskij,http://sv.wikipedia.org/w/index.php?diff=21155481,21155481,1364477654,195.67.88.219
47298,Depeche Mode,http://sv.wikipedia.org/w/index.php?diff=21128508,21128508,1364372976,195.67.88.219
444514,Andreas Norlén,http://sv.wikipedia.org/w/index.php?diff=21068385,21068385,1364140649,195.67.88.219
924900,Monica Antonsson,http://sv.wikipedia.org/w/index.php?diff=20975592,20975592,1363791946,195.67.88.217
1647110,SAMAK,http://sv.wikipedia.org/w/index.php?diff=20975454,20975454,1363790295,195.67.88.219
1116080,Semjon L. Frank,http://sv.wikipedia.org/w/index.php?diff=20932503,20932503,1363603824,195.67.88.219
259444,Lars Elinderson,http://sv.wikipedia.org/w/index.php?diff=20901008,20901008,1363523212,195.67.88.219
259444,Lars Elinderson,http://sv.wikipedia.org/w/index.php?diff=20900912,20900912,1363523003,195.67.88.219
909179,Olle Thorell,http://sv.wikipedia.org/w/index.php?diff=20358676,20358676,1363101076,195.67.88.219
9292,Carl Johan Adlercreutz,http://sv.wikipedia.org/w/index.php?diff=19674444,19674444,1361189319,195.67.88.219
9292,Carl Johan Adlercreutz,http://sv.wikipedia.org/w/index.php?diff=19674436,19674436,1361189291,195.67.88.219
126298,Maghreb,http://sv.wikipedia.org/w/index.php?diff=19585242,19585242,1360919994,195.67.88.219
1500190,Diskussion:Aliaksandr Bialiatski,http://sv.wikipedia.org/w/index.php?diff=19585002,19585002,1360919281,195.67.88.222
1207284,Aliaksandr Bialiatski,http://sv.wikipedia.org/w/index.php?diff=19584970,19584970,1360919197,195.67.88.222
343337,Lääne-Viru län,http://sv.wikipedia.org/w/index.php?diff=19209459,19209459,1359708519,195.67.88.219
343239,Ida-Viru län,http://sv.wikipedia.org/w/index.php?diff=19209409,19209409,1359708391,195.67.88.219
343239,Ida-Viru län,http://sv.wikipedia.org/w/index.php?diff=19209394,19209394,1359708352,195.67.88.219
343239,Ida-Viru län,http://sv.wikipedia.org/w/index.php?diff=19209355,19209355,1359708225,195.67.88.219
7007,Narva,http://sv.wikipedia.org/w/index.php?diff=19209309,19209309,1359708072,195.67.88.219
7007,Narva,http://sv.wikipedia.org/w/index.php?diff=19209229,19209229,1359707848,195.67.88.219
7007,Narva,http://sv.wikipedia.org/w/index.php?diff=19209149,19209149,1359707590,195.67.88.219
7007,Narva,http://sv.wikipedia.org/w/index.php?diff=19209137,19209137,1359707545,195.67.88.219
7007,Narva,http://sv.wikipedia.org/w/index.php?diff=19209061,19209061,1359707327,195.67.88.219
201905,Justitieombudsmannen,http://sv.wikipedia.org/w/index.php?diff=19158817,19158817,1359550201,195.67.88.219
296389,Afrika-Eurasien,http://sv.wikipedia.org/w/index.php?diff=19021401,19021401,1359104716,195.67.88.219
440205,Fredrik Schulte,http://sv.wikipedia.org/w/index.php?diff=18997639,18997639,1358963262,195.67.88.219
32606,Carl Lindhagen,http://sv.wikipedia.org/w/index.php?diff=18955045,18955045,1358759941,195.67.88.219
201905,Justitieombudsmannen,http://sv.wikipedia.org/w/index.php?diff=18824348,18824348,1358247628,195.67.88.219
201905,Justitieombudsmannen,http://sv.wikipedia.org/w/index.php?diff=18824288,18824288,1358247435,195.67.88.219
31414,Upplands Väsby kommun,http://sv.wikipedia.org/w/index.php?diff=18739767,18739767,1357808109,195.67.88.219
329963,Annika Qarlsson,http://sv.wikipedia.org/w/index.php?diff=18707913,18707913,1357546695,195.67.88.219
329963,Annika Qarlsson,http://sv.wikipedia.org/w/index.php?diff=18707905,18707905,1357546549,195.67.88.219
329963,Annika Qarlsson,http://sv.wikipedia.org/w/index.php?diff=18707901,18707901,1357546514,195.67.88.219
329963,Annika Qarlsson,http://sv.wikipedia.org/w/index.php?diff=18707895,18707895,1357546442,195.67.88.219
329963,Annika Qarlsson,http://sv.wikipedia.org/w/index.php?diff=18707876,18707876,1357546237,195.67.88.219
646804,S-gruppen,http://sv.wikipedia.org/w/index.php?diff=18518792,18518792,1355902933,195.67.88.219
259444,Lars Elinderson,http://sv.wikipedia.org/w/index.php?diff=18425295,18425295,1354630114,195.67.88.219
259444,Lars Elinderson,http://sv.wikipedia.org/w/index.php?diff=18425289,18425289,1354630087,195.67.88.219
259444,Lars Elinderson,http://sv.wikipedia.org/w/index.php?diff=18425255,18425255,1354629817,195.67.88.219
1252842,Ola Johansson (politiker),http://sv.wikipedia.org/w/index.php?diff=18410955,18410955,1354482560,195.67.88.219
1252842,Ola Johansson (politiker),http://sv.wikipedia.org/w/index.php?diff=18410933,18410933,1354482401,195.67.88.219
101712,Are Waerland,http://sv.wikipedia.org/w/index.php?diff=18378673,18378673,1354193640,195.67.88.219
66253,Franz Liszt,http://sv.wikipedia.org/w/index.php?diff=18291488,18291488,1353075613,195.67.88.219
194584,Continental Airlines,http://sv.wikipedia.org/w/index.php?diff=18270023,18270023,1352811016,195.67.88.219
476970,Peter Jeppsson,http://sv.wikipedia.org/w/index.php?diff=18160994,18160994,1352198784,195.67.88.219
207724,Mats Johansson (journalist),http://sv.wikipedia.org/w/index.php?diff=17865575,17865575,1350311631,195.67.88.219
231926,Landstinget Sörmland,http://sv.wikipedia.org/w/index.php?diff=17711767,17711767,1349288919,195.67.88.219
1525988,Diskussion:Rickard Nordin,http://sv.wikipedia.org/w/index.php?diff=17707476,17707476,1349249550,195.67.88.219
9799,Romer,http://sv.wikipedia.org/w/index.php?diff=17697684,17697684,1349107023,195.67.88.219
1719795,Bygdegårdarnas riksförbund,http://sv.wikipedia.org/w/index.php?diff=17697107,17697107,1349100840,195.67.88.219
1252842,Ola Johansson (politiker),http://sv.wikipedia.org/w/index.php?diff=17694470,17694470,1349073220,195.67.88.219
1252842,Ola Johansson (politiker),http://sv.wikipedia.org/w/index.php?diff=17694456,17694456,1349073069,195.67.88.219
385773,Socialutskottet,http://sv.wikipedia.org/w/index.php?diff=17694448,17694448,1349072943,195.67.88.219
1252842,Ola Johansson (politiker),http://sv.wikipedia.org/w/index.php?diff=17694445,17694445,1349072821,195.67.88.219
1719795,Bygdegårdarnas riksförbund,http://sv.wikipedia.org/w/index.php?diff=17694441,17694441,1349072765,195.67.88.219
1252842,Ola Johansson (politiker),http://sv.wikipedia.org/w/index.php?diff=17694412,17694412,1349072216,195.67.88.219
294971,Svjatoslav I av Kiev,http://sv.wikipedia.org/w/index.php?diff=17661396,17661396,1348657758,195.67.88.219
740364,Tage Johansson (politiker),http://sv.wikipedia.org/w/index.php?diff=17644139,17644139,1348482848,195.67.88.219
1391004,Jonas Jacobsson Gjörtler,http://sv.wikipedia.org/w/index.php?diff=17587019,17587019,1347887330,195.67.88.219
506666,Per Lodenius,http://sv.wikipedia.org/w/index.php?diff=17551246,17551246,1347444727,195.67.88.219
5744,Helsingborg,http://sv.wikipedia.org/w/index.php?diff=17490835,17490835,1346743253,195.67.88.219
858732,Hannu Olkinuora,http://sv.wikipedia.org/w/index.php?diff=17469261,17469261,1346496842,195.67.88.219
330127,Cecilia Widegren,http://sv.wikipedia.org/w/index.php?diff=17449546,17449546,1346246098,195.67.88.219
69206,Klädkod,http://sv.wikipedia.org/w/index.php?diff=17448869,17448869,1346241836,195.67.88.219
492030,Göran Pettersson,http://sv.wikipedia.org/w/index.php?diff=17359057,17359057,1345387363,195.67.88.219
492030,Göran Pettersson,http://sv.wikipedia.org/w/index.php?diff=17359050,17359050,1345387298,195.67.88.219
1217171,Svenska muslimer för fred och rättvisa,http://sv.wikipedia.org/w/index.php?diff=17337799,17337799,1345153513,195.67.88.219
342973,Riksdagsbiblioteket (Stockholm),http://sv.wikipedia.org/w/index.php?diff=17309672,17309672,1344868245,195.67.88.219
342973,Riksdagsbiblioteket (Stockholm),http://sv.wikipedia.org/w/index.php?diff=17309664,17309664,1344868172,195.67.88.219
342973,Riksdagsbiblioteket (Stockholm),http://sv.wikipedia.org/w/index.php?diff=17309652,17309652,1344868085,195.67.88.219
336783,Riksdag & Departement,http://sv.wikipedia.org/w/index.php?diff=17262235,17262235,1344414499,195.67.88.219
649588,Jabar Amin,http://sv.wikipedia.org/w/index.php?diff=17020187,17020187,1342299694,195.67.88.219
1235168,Elin Lundgren,http://sv.wikipedia.org/w/index.php?diff=16925504,16925504,1341330780,195.67.88.219
50177,Åsele,http://sv.wikipedia.org/w/index.php?diff=16784852,16784852,1339621784,195.67.88.222
341584,Europeiska unionens stridsgrupper,http://sv.wikipedia.org/w/index.php?diff=16783883,16783883,1339610992,195.67.88.222
1643595,Diskussion:Kulturmarxism,http://sv.wikipedia.org/w/index.php?diff=16745662,16745662,1339140853,195.67.88.222
1643595,Diskussion:Kulturmarxism,http://sv.wikipedia.org/w/index.php?diff=16745630,16745630,1339140578,195.67.88.222
1643595,Diskussion:Kulturmarxism,http://sv.wikipedia.org/w/index.php?diff=16745626,16745626,1339140557,195.67.88.222
1643595,Diskussion:Kulturmarxism,http://sv.wikipedia.org/w/index.php?diff=16745624,16745624,1339140541,195.67.88.222
56068,Fredrick Federley,http://sv.wikipedia.org/w/index.php?diff=16695333,16695333,1338464846,195.67.88.222
56068,Fredrick Federley,http://sv.wikipedia.org/w/index.php?diff=16695328,16695328,1338464815,195.67.88.222
56068,Fredrick Federley,http://sv.wikipedia.org/w/index.php?diff=16695314,16695314,1338464724,195.67.88.222
157586,Gunilla Lindberg,http://sv.wikipedia.org/w/index.php?diff=16689578,16689578,1338384511,195.67.88.219
157586,Gunilla Lindberg,http://sv.wikipedia.org/w/index.php?diff=16689560,16689560,1338384385,195.67.88.219
61314,Vintertullstorget,http://sv.wikipedia.org/w/index.php?diff=16682048,16682048,1338308783,195.67.88.219
722626,Gemensamma säkerhets- och försvarspolitiken,http://sv.wikipedia.org/w/index.php?diff=16681168,16681168,1338302462,195.67.88.219
824429,Folkomröstningar relaterade till Europeiska unionen,http://sv.wikipedia.org/w/index.php?diff=16681120,16681120,1338302131,195.67.88.219
764098,Europeiska unionens fördrag,http://sv.wikipedia.org/w/index.php?diff=16680993,16680993,1338301117,195.67.88.219
1387485,Legitimationshandling i Sverige,http://sv.wikipedia.org/w/index.php?diff=16680859,16680859,1338299902,195.67.88.219
541292,Europeiska unionens institutioner,http://sv.wikipedia.org/w/index.php?diff=16680772,16680772,1338299061,195.67.88.219
476260,Europeiska enhetsakten,http://sv.wikipedia.org/w/index.php?diff=16680719,16680719,1338298669,195.67.88.219
476260,Europeiska enhetsakten,http://sv.wikipedia.org/w/index.php?diff=16680703,16680703,1338298535,195.67.88.219
476260,Europeiska enhetsakten,http://sv.wikipedia.org/w/index.php?diff=16680682,16680682,1338298402,195.67.88.219
476260,Europeiska enhetsakten,http://sv.wikipedia.org/w/index.php?diff=16680679,16680679,1338298370,195.67.88.219
476260,Europeiska enhetsakten,http://sv.wikipedia.org/w/index.php?diff=16680664,16680664,1338298269,195.67.88.219
1087294,Kvalificerad majoritet inom Europeiska unionen,http://sv.wikipedia.org/w/index.php?diff=16680491,16680491,1338296910,195.67.88.219
861350,Politiska system inom Europeiska unionen,http://sv.wikipedia.org/w/index.php?diff=16669066,16669066,1338204068,195.67.88.219
196886,Lista över organisationer som har utpekats som terrorister av EU,http://sv.wikipedia.org/w/index.php?diff=16669000,16669000,1338203643,195.67.88.219
393969,Gunvor G. Ericson,http://sv.wikipedia.org/w/index.php?diff=16477847,16477847,1336254363,195.67.88.219
393969,Gunvor G. Ericson,http://sv.wikipedia.org/w/index.php?diff=16477499,16477499,1336251234,195.67.88.219
1632164,Diskussion:Max Mosley,http://sv.wikipedia.org/w/index.php?diff=16452896,16452896,1335950188,195.67.88.219
336783,Riksdag & Departement,http://sv.wikipedia.org/w/index.php?diff=16452233,16452233,1335941589,195.67.88.219
10373,Katrineholms kommun,http://sv.wikipedia.org/w/index.php?diff=16425389,16425389,1335556348,195.67.88.219
33779,Allemansrätten,http://sv.wikipedia.org/w/index.php?diff=16408768,16408768,1335355897,195.67.88.219
33779,Allemansrätten,http://sv.wikipedia.org/w/index.php?diff=16408766,16408766,1335355869,195.67.88.219
33779,Allemansrätten,http://sv.wikipedia.org/w/index.php?diff=16408732,16408732,1335355542,195.67.88.219
522849,Bo Johnson Theutenberg,http://sv.wikipedia.org/w/index.php?diff=16360602,16360602,1334759458,195.67.88.219
330135,Jan-Evert Rådhström,http://sv.wikipedia.org/w/index.php?diff=16313363,16313363,1334154581,195.67.88.219
366523,Jonas Arnell,http://sv.wikipedia.org/w/index.php?diff=16264128,16264128,1333616963,195.67.88.219
101445,Kent Härstedt,http://sv.wikipedia.org/w/index.php?diff=16188543,16188543,1332770977,195.67.88.219
330135,Jan-Evert Rådhström,http://sv.wikipedia.org/w/index.php?diff=16136070,16136070,1332172216,195.67.88.219
330135,Jan-Evert Rådhström,http://sv.wikipedia.org/w/index.php?diff=16136060,16136060,1332172163,195.67.88.219
1239755,Emil Källström,http://sv.wikipedia.org/w/index.php?diff=16030300,16030300,1330976326,195.67.88.219
217455,Studentkåren StuFF vid Linköpings universitet,http://sv.wikipedia.org/w/index.php?diff=16027773,16027773,1330948927,195.67.88.219
330163,Kenneth Johansson,http://sv.wikipedia.org/w/index.php?diff=15961945,15961945,1330358567,195.67.88.219
1568273,Magdalena E Andersson,http://sv.wikipedia.org/w/index.php?diff=15920961,15920961,1330001587,195.67.88.217
1568273,Magdalena E Andersson,http://sv.wikipedia.org/w/index.php?diff=15920956,15920956,1330001530,195.67.88.217
1568273,Magdalena E Andersson,http://sv.wikipedia.org/w/index.php?diff=15920947,15920947,1330001444,195.67.88.217
330026,Magdalena Andersson (landshövding),http://sv.wikipedia.org/w/index.php?diff=15919184,15919184,1329989617,195.67.88.217
1568273,Magdalena E Andersson,http://sv.wikipedia.org/w/index.php?diff=15918908,15918908,1329986047,195.67.88.217
1568273,Magdalena E Andersson,http://sv.wikipedia.org/w/index.php?diff=15918905,15918905,1329986004,195.67.88.217
1568273,Magdalena E Andersson,http://sv.wikipedia.org/w/index.php?diff=15918895,15918895,1329985886,195.67.88.217
1568273,Magdalena E Andersson,http://sv.wikipedia.org/w/index.php?diff=15918887,15918887,1329985762,195.67.88.217
1568273,Magdalena E Andersson,http://sv.wikipedia.org/w/index.php?diff=15918875,15918875,1329985659,195.67.88.217
1568273,Magdalena E Andersson,http://sv.wikipedia.org/w/index.php?diff=15918874,15918874,1329985632,195.67.88.217
1568273,Magdalena E Andersson,http://sv.wikipedia.org/w/index.php?diff=15918827,15918827,1329985259,195.67.88.217
824540,Edward Blom,http://sv.wikipedia.org/w/index.php?diff=15845002,15845002,1329128686,195.67.88.219
760140,Necro Facility,http://sv.wikipedia.org/w/index.php?diff=15844548,15844548,1329123524,195.67.88.219
721677,Stefan Löfven,http://sv.wikipedia.org/w/index.php?diff=15826730,15826730,1328879444,195.67.88.219
50486,Arbetslöshetskassa,http://sv.wikipedia.org/w/index.php?diff=15816877,15816877,1328741500,195.67.88.219
292475,Vasamedaljen,http://sv.wikipedia.org/w/index.php?diff=15808308,15808308,1328629368,195.67.88.219
67093,Vasaorden,http://sv.wikipedia.org/w/index.php?diff=15808291,15808291,1328629235,195.67.88.219
211820,Kommendör,http://sv.wikipedia.org/w/index.php?diff=15808282,15808282,1328629165,195.67.88.219
1480729,William Hahne,http://sv.wikipedia.org/w/index.php?diff=15722220,15722220,1327502546,195.67.88.219
1480729,William Hahne,http://sv.wikipedia.org/w/index.php?diff=15722105,15722105,1327501661,195.67.88.219
1233792,Josef Fransson,http://sv.wikipedia.org/w/index.php?diff=15720257,15720257,1327483219,195.67.88.219
1233792,Josef Fransson,http://sv.wikipedia.org/w/index.php?diff=15720239,15720239,1327482935,195.67.88.219
101445,Kent Härstedt,http://sv.wikipedia.org/w/index.php?diff=15657978,15657978,1326547190,195.67.88.219
6094,Sverigedemokratisk Ungdom,http://sv.wikipedia.org/w/index.php?diff=15502243,15502243,1324313041,195.67.88.219
6094,Sverigedemokratisk Ungdom,http://sv.wikipedia.org/w/index.php?diff=15502234,15502234,1324312942,195.67.88.219
6094,Sverigedemokratisk Ungdom,http://sv.wikipedia.org/w/index.php?diff=15502227,15502227,1324312856,195.67.88.219
732521,Johnny Hagberg,http://sv.wikipedia.org/w/index.php?diff=15481912,15481912,1324028989,195.67.88.219
1532287,Diskussion:Jörgen Johansson (politiker),http://sv.wikipedia.org/w/index.php?diff=15473803,15473803,1323886188,195.67.88.219
330107,Jan-Olof Larsson,http://sv.wikipedia.org/w/index.php?diff=15382510,15382510,1322732556,195.67.88.219
962156,Fredrik Löwenhielm,http://sv.wikipedia.org/w/index.php?diff=15373420,15373420,1322589641,195.67.88.219
1525988,Diskussion:Rickard Nordin,http://sv.wikipedia.org/w/index.php?diff=15371582,15371582,1322569091,195.67.88.219
1525988,Diskussion:Rickard Nordin,http://sv.wikipedia.org/w/index.php?diff=15367087,15367087,1322493334,195.67.88.219
56068,Fredrick Federley,http://sv.wikipedia.org/w/index.php?diff=15326607,15326607,1321867178,195.67.88.219
56068,Fredrick Federley,http://sv.wikipedia.org/w/index.php?diff=15326602,15326602,1321867116,195.67.88.219
56068,Fredrick Federley,http://sv.wikipedia.org/w/index.php?diff=15326591,15326591,1321866876,195.67.88.219
522849,Bo Johnson Theutenberg,http://sv.wikipedia.org/w/index.php?diff=15259115,15259115,1320923284,195.67.88.218
522849,Bo Johnson Theutenberg,http://sv.wikipedia.org/w/index.php?diff=15258652,15258652,1320918762,195.67.88.218
330149,Matilda Ernkrans,http://sv.wikipedia.org/w/index.php?diff=15253104,15253104,1320834363,195.67.88.218
330149,Matilda Ernkrans,http://sv.wikipedia.org/w/index.php?diff=15253089,15253089,1320834238,195.67.88.218
101443,Gustav Fridolin,http://sv.wikipedia.org/w/index.php?diff=15244240,15244240,1320697263,195.67.88.218
217455,Studentkåren StuFF vid Linköpings universitet,http://sv.wikipedia.org/w/index.php?diff=15200224,15200224,1320019931,195.67.88.218
366523,Jonas Arnell,http://sv.wikipedia.org/w/index.php?diff=15200126,15200126,1320018819,195.67.88.218
1512233,Diskussion:Euroislam,http://sv.wikipedia.org/w/index.php?diff=15163944,15163944,1319529024,195.67.88.218
617229,"TV-huset, Stockholm",http://sv.wikipedia.org/w/index.php?diff=15159135,15159135,1319460801,195.67.88.218
10087,Sveriges Television,http://sv.wikipedia.org/w/index.php?diff=15159097,15159097,1319460258,195.67.88.218
10087,Sveriges Television,http://sv.wikipedia.org/w/index.php?diff=15159082,15159082,1319460142,195.67.88.218
10087,Sveriges Television,http://sv.wikipedia.org/w/index.php?diff=15159073,15159073,1319460001,195.67.88.218
753857,"Biografmuseet, Säter",http://sv.wikipedia.org/w/index.php?diff=15137871,15137871,1319177886,195.67.88.218
617229,"TV-huset, Stockholm",http://sv.wikipedia.org/w/index.php?diff=15134569,15134569,1319122442,195.67.88.218
1478947,Klimatskeptiker,http://sv.wikipedia.org/w/index.php?diff=15096543,15096543,1318610903,195.67.88.218
1478947,Klimatskeptiker,http://sv.wikipedia.org/w/index.php?diff=15096520,15096520,1318610696,195.67.88.218
510048,Carl Lundström,http://sv.wikipedia.org/w/index.php?diff=15080692,15080692,1318410745,195.67.88.218
50095,SVT1,http://sv.wikipedia.org/w/index.php?diff=15032025,15032025,1317731664,195.67.88.218
50095,SVT1,http://sv.wikipedia.org/w/index.php?diff=15031977,15031977,1317731005,195.67.88.218
50095,SVT1,http://sv.wikipedia.org/w/index.php?diff=15031951,15031951,1317730752,195.67.88.218
642613,Cabaret Canalhumorn,http://sv.wikipedia.org/w/index.php?diff=15031925,15031925,1317730387,195.67.88.218
56068,Fredrick Federley,http://sv.wikipedia.org/w/index.php?diff=15004429,15004429,1317291180,195.67.88.218
56068,Fredrick Federley,http://sv.wikipedia.org/w/index.php?diff=15004427,15004427,1317291153,195.67.88.218
56068,Fredrick Federley,http://sv.wikipedia.org/w/index.php?diff=15004417,15004417,1317291075,195.67.88.218
35996,Estoniakatastrofen,http://sv.wikipedia.org/w/index.php?diff=14998408,14998408,1317206444,195.67.88.218
162123,TV 2 (Danmark),http://sv.wikipedia.org/w/index.php?diff=14948747,14948747,1316524667,195.67.88.218
162123,TV 2 (Danmark),http://sv.wikipedia.org/w/index.php?diff=14948745,14948745,1316524638,195.67.88.218
56068,Fredrick Federley,http://sv.wikipedia.org/w/index.php?diff=14941843,14941843,1316439447,195.67.88.218
56068,Fredrick Federley,http://sv.wikipedia.org/w/index.php?diff=14941745,14941745,1316438240,195.67.88.218
56068,Fredrick Federley,http://sv.wikipedia.org/w/index.php?diff=14941734,14941734,1316438139,195.67.88.218
56068,Fredrick Federley,http://sv.wikipedia.org/w/index.php?diff=14941583,14941583,1316436580,195.67.88.218
56068,Fredrick Federley,http://sv.wikipedia.org/w/index.php?diff=14941566,14941566,1316436406,195.67.88.218
56068,Fredrick Federley,http://sv.wikipedia.org/w/index.php?diff=14940942,14940942,1316430372,195.67.88.222
56068,Fredrick Federley,http://sv.wikipedia.org/w/index.php?diff=14940919,14940919,1316430022,195.67.88.222
84080,Alexander Bard,http://sv.wikipedia.org/w/index.php?diff=14940908,14940908,1316429867,195.67.88.222
84080,Alexander Bard,http://sv.wikipedia.org/w/index.php?diff=14940905,14940905,1316429843,195.67.88.222
1063,Kejsare,http://sv.wikipedia.org/w/index.php?diff=14876817,14876817,1315484485,195.67.88.218
282164,Vitézorden,http://sv.wikipedia.org/w/index.php?diff=14870093,14870093,1315388192,195.67.88.218
455674,SVT HD,http://sv.wikipedia.org/w/index.php?diff=14841142,14841142,1314971385,195.67.88.218
455674,SVT HD,http://sv.wikipedia.org/w/index.php?diff=14841140,14841140,1314971366,195.67.88.218
6094,Sverigedemokratisk Ungdom,http://sv.wikipedia.org/w/index.php?diff=14683988,14683988,1312906480,195.67.88.218
1139118,Stefan Söder,http://sv.wikipedia.org/w/index.php?diff=14683218,14683218,1312900682,195.67.88.218
1139118,Stefan Söder,http://sv.wikipedia.org/w/index.php?diff=14683194,14683194,1312900494,195.67.88.218
6094,Sverigedemokratisk Ungdom,http://sv.wikipedia.org/w/index.php?diff=14683152,14683152,1312900205,195.67.88.218
6094,Sverigedemokratisk Ungdom,http://sv.wikipedia.org/w/index.php?diff=14683144,14683144,1312900167,195.67.88.218
1480729,William Hahne,http://sv.wikipedia.org/w/index.php?diff=14683029,14683029,1312899302,195.67.88.218
6094,Sverigedemokratisk Ungdom,http://sv.wikipedia.org/w/index.php?diff=14682885,14682885,1312898112,195.67.88.218
6094,Sverigedemokratisk Ungdom,http://sv.wikipedia.org/w/index.php?diff=14682809,14682809,1312897655,195.67.88.218
1391004,Jonas Jacobsson Gjörtler,http://sv.wikipedia.org/w/index.php?diff=14610128,14610128,1311838863,195.67.88.218
1475132,Ella Tengbom-Velander,http://sv.wikipedia.org/w/index.php?diff=14610123,14610123,1311838784,195.67.88.218
109345,Europeiska radio- och TV-unionen,http://sv.wikipedia.org/w/index.php?diff=14434289,14434289,1309436686,195.67.88.218
109345,Europeiska radio- och TV-unionen,http://sv.wikipedia.org/w/index.php?diff=14434268,14434268,1309436508,195.67.88.218
109345,Europeiska radio- och TV-unionen,http://sv.wikipedia.org/w/index.php?diff=14434260,14434260,1309436441,195.67.88.218
109345,Europeiska radio- och TV-unionen,http://sv.wikipedia.org/w/index.php?diff=14434201,14434201,1309435956,195.67.88.218
109345,Europeiska radio- och TV-unionen,http://sv.wikipedia.org/w/index.php?diff=14434188,14434188,1309435888,195.67.88.218
109345,Europeiska radio- och TV-unionen,http://sv.wikipedia.org/w/index.php?diff=14434174,14434174,1309435768,195.67.88.218
411731,Hotell- och restaurangfacket,http://sv.wikipedia.org/w/index.php?diff=14427840,14427840,1309356583,195.67.88.218
109345,Europeiska radio- och TV-unionen,http://sv.wikipedia.org/w/index.php?diff=14426869,14426869,1309350550,195.67.88.218
109345,Europeiska radio- och TV-unionen,http://sv.wikipedia.org/w/index.php?diff=14426844,14426844,1309350339,195.67.88.218
109345,Europeiska radio- och TV-unionen,http://sv.wikipedia.org/w/index.php?diff=14426811,14426811,1309350109,195.67.88.218
109345,Europeiska radio- och TV-unionen,http://sv.wikipedia.org/w/index.php?diff=14426797,14426797,1309349962,195.67.88.218
324288,SRG SSR idée suisse,http://sv.wikipedia.org/w/index.php?diff=14426595,14426595,1309348596,195.67.88.218
109345,Europeiska radio- och TV-unionen,http://sv.wikipedia.org/w/index.php?diff=14426119,14426119,1309345321,195.67.88.218
109345,Europeiska radio- och TV-unionen,http://sv.wikipedia.org/w/index.php?diff=14426015,14426015,1309344656,195.67.88.218
109345,Europeiska radio- och TV-unionen,http://sv.wikipedia.org/w/index.php?diff=14426000,14426000,1309344541,195.67.88.218
109345,Europeiska radio- och TV-unionen,http://sv.wikipedia.org/w/index.php?diff=14425976,14425976,1309344376,195.67.88.218
109345,Europeiska radio- och TV-unionen,http://sv.wikipedia.org/w/index.php?diff=14425970,14425970,1309344313,195.67.88.218
283215,Intervision,http://sv.wikipedia.org/w/index.php?diff=14425910,14425910,1309343969,195.67.88.218
54874,Kommunalisering,http://sv.wikipedia.org/w/index.php?diff=14418450,14418450,1309254637,195.67.88.218
208112,Socialistpartiet (Portugal),http://sv.wikipedia.org/w/index.php?diff=14323076,14323076,1308052757,195.67.88.218
208112,Socialistpartiet (Portugal),http://sv.wikipedia.org/w/index.php?diff=14323050,14323050,1308052534,195.67.88.218
867743,Jan Ericson,http://sv.wikipedia.org/w/index.php?diff=14293135,14293135,1307657757,195.67.88.218
1246496,Jonas Eriksson (miljöpartiet),http://sv.wikipedia.org/w/index.php?diff=14291129,14291129,1307637257,195.67.88.218
1246496,Jonas Eriksson (miljöpartiet),http://sv.wikipedia.org/w/index.php?diff=14291086,14291086,1307636471,195.67.88.218
521592,Tomas Tobé,http://sv.wikipedia.org/w/index.php?diff=14290539,14290539,1307630322,195.67.88.218
138312,Gunnar Axén,http://sv.wikipedia.org/w/index.php?diff=14253247,14253247,1307154712,195.67.88.218
138312,Gunnar Axén,http://sv.wikipedia.org/w/index.php?diff=14253239,14253239,1307154628,195.67.88.218
101443,Gustav Fridolin,http://sv.wikipedia.org/w/index.php?diff=14207548,14207548,1306491038,195.67.88.218
617592,Illegal invandring,http://sv.wikipedia.org/w/index.php?diff=14202675,14202675,1306419451,195.67.88.218
617592,Illegal invandring,http://sv.wikipedia.org/w/index.php?diff=14202655,14202655,1306419308,195.67.88.218
909308,Karin Nilsson,http://sv.wikipedia.org/w/index.php?diff=14194854,14194854,1306316183,195.67.88.218
319293,Kerstin Lundgren,http://sv.wikipedia.org/w/index.php?diff=14194841,14194841,1306316047,195.67.88.218
319293,Kerstin Lundgren,http://sv.wikipedia.org/w/index.php?diff=14194796,14194796,1306315540,195.67.88.218
506666,Per Lodenius,http://sv.wikipedia.org/w/index.php?diff=14194757,14194757,1306315068,195.67.88.218
1239760,Helena Lindahl,http://sv.wikipedia.org/w/index.php?diff=14194747,14194747,1306314979,195.67.88.218
1239755,Emil Källström,http://sv.wikipedia.org/w/index.php?diff=14194726,14194726,1306314637,195.67.88.218
1252852,Anders W. Jonsson,http://sv.wikipedia.org/w/index.php?diff=14194698,14194698,1306314270,195.67.88.218
1239719,Per-Ingvar Johnsson,http://sv.wikipedia.org/w/index.php?diff=14194683,14194683,1306314052,195.67.88.218
1239719,Per-Ingvar Johnsson,http://sv.wikipedia.org/w/index.php?diff=14194672,14194672,1306313938,195.67.88.218
506872,Evert Vedung,http://sv.wikipedia.org/w/index.php?diff=14126573,14126573,1305290476,195.67.88.218
506872,Evert Vedung,http://sv.wikipedia.org/w/index.php?diff=14126563,14126563,1305290401,195.67.88.218
1169283,Riksdagens utredningstjänst,http://sv.wikipedia.org/w/index.php?diff=14076028,14076028,1304519339,195.67.88.218
1169283,Riksdagens utredningstjänst,http://sv.wikipedia.org/w/index.php?diff=14076002,14076002,1304518898,195.67.88.218
170196,Roland Utbult,http://sv.wikipedia.org/w/index.php?diff=14059445,14059445,1304272450,195.67.88.218
101443,Gustav Fridolin,http://sv.wikipedia.org/w/index.php?diff=14053003,14053003,1304184088,195.67.88.218
1441288,Riksdagsledamoten,http://sv.wikipedia.org/w/index.php?diff=14052982,14052982,1304183848,195.67.88.218
1441287,Ulf Söderström (författare),http://sv.wikipedia.org/w/index.php?diff=14052972,14052972,1304183696,195.67.88.218
101443,Gustav Fridolin,http://sv.wikipedia.org/w/index.php?diff=14052941,14052941,1304183375,195.67.88.218
867743,Jan Ericson,http://sv.wikipedia.org/w/index.php?diff=13961868,13961868,1302814656,195.67.88.218
867743,Jan Ericson,http://sv.wikipedia.org/w/index.php?diff=13961862,13961862,1302814555,195.67.88.218
1267665,Åsa Coenraads,http://sv.wikipedia.org/w/index.php?diff=13961160,13961160,1302806865,195.67.88.218
692057,Anders Pihlblad,http://sv.wikipedia.org/w/index.php?diff=13803821,13803821,1300720346,195.67.88.217
176630,Ermland-Masuriens vojvodskap,http://sv.wikipedia.org/w/index.php?diff=13761032,13761032,1300196617,195.67.88.218
1235168,Elin Lundgren,http://sv.wikipedia.org/w/index.php?diff=13759357,13759357,1300176404,195.67.88.218
43424,Blues,http://sv.wikipedia.org/w/index.php?diff=13713781,13713781,1299596179,195.67.88.218
763239,Tomas Melin,http://sv.wikipedia.org/w/index.php?diff=13713498,13713498,1299592697,195.67.88.218
17811,Grön Ungdom,http://sv.wikipedia.org/w/index.php?diff=13713406,13713406,1299591893,195.67.88.218
101445,Kent Härstedt,http://sv.wikipedia.org/w/index.php?diff=13705505,13705505,1299492222,195.67.88.218
101445,Kent Härstedt,http://sv.wikipedia.org/w/index.php?diff=13705490,13705490,1299492077,195.67.88.218
835222,Jeanette Thelander,http://sv.wikipedia.org/w/index.php?diff=13679825,13679825,1299167993,195.67.88.218
101445,Kent Härstedt,http://sv.wikipedia.org/w/index.php?diff=13573274,13573274,1297855134,195.67.88.218
455674,SVT HD,http://sv.wikipedia.org/w/index.php?diff=13471001,13471001,1296650276,195.67.88.218
38978,Ombudsman,http://sv.wikipedia.org/w/index.php?diff=13456069,13456069,1296479069,195.67.88.218
138320,Urban Ahlin,http://sv.wikipedia.org/w/index.php?diff=13415204,13415204,1295971899,195.67.88.218
138320,Urban Ahlin,http://sv.wikipedia.org/w/index.php?diff=13415158,13415158,1295971652,195.67.88.218
307171,Oskar Öholm,http://sv.wikipedia.org/w/index.php?diff=13377215,13377215,1295512741,195.67.88.218
539897,Jurij Luzjkov,http://sv.wikipedia.org/w/index.php?diff=13365634,13365634,1295366441,195.67.88.218
56104,Regeringen Carl Bildt,http://sv.wikipedia.org/w/index.php?diff=13141597,13141597,1292354728,195.67.88.218
727588,Motorvägar i Sverige,http://sv.wikipedia.org/w/index.php?diff=13089985,13089985,1291637607,195.67.88.218
727588,Motorvägar i Sverige,http://sv.wikipedia.org/w/index.php?diff=13089983,13089983,1291637584,195.67.88.218
56068,Fredrick Federley,http://sv.wikipedia.org/w/index.php?diff=13082863,13082863,1291544411,195.67.88.218
56068,Fredrick Federley,http://sv.wikipedia.org/w/index.php?diff=13082852,13082852,1291544235,195.67.88.218
329957,Anne Marie Brodén,http://sv.wikipedia.org/w/index.php?diff=13063602,13063602,1291282059,195.67.88.218
444514,Andreas Norlén,http://sv.wikipedia.org/w/index.php?diff=12998475,12998475,1290709900,195.67.88.218
6094,Sverigedemokratisk Ungdom,http://sv.wikipedia.org/w/index.php?diff=12958700,12958700,1290442686,195.67.88.218
6094,Sverigedemokratisk Ungdom,http://sv.wikipedia.org/w/index.php?diff=12957393,12957393,1290428554,195.67.88.218
6094,Sverigedemokratisk Ungdom,http://sv.wikipedia.org/w/index.php?diff=12957067,12957067,1290424269,195.67.88.218
621198,Lars Hjälmered,http://sv.wikipedia.org/w/index.php?diff=12914044,12914044,1290161738,195.67.88.218
287388,Tuve Skånberg,http://sv.wikipedia.org/w/index.php?diff=12892233,12892233,1290027821,195.67.88.218
287388,Tuve Skånberg,http://sv.wikipedia.org/w/index.php?diff=12892215,12892215,1290027662,195.67.88.218
491688,Finn Bengtsson,http://sv.wikipedia.org/w/index.php?diff=12884734,12884734,1289981562,195.67.88.218
1234078,Lista över ledamöter av Sveriges riksdag 2010–2014,http://sv.wikipedia.org/w/index.php?diff=12875540,12875540,1289896287,195.67.88.218
202175,Lars Augustin Mannerheim,http://sv.wikipedia.org/w/index.php?diff=12848624,12848624,1289567913,195.67.88.218
202175,Lars Augustin Mannerheim,http://sv.wikipedia.org/w/index.php?diff=12848580,12848580,1289567655,195.67.88.218
201905,Justitieombudsmannen,http://sv.wikipedia.org/w/index.php?diff=12848567,12848567,1289567546,195.67.88.218
201905,Justitieombudsmannen,http://sv.wikipedia.org/w/index.php?diff=12848289,12848289,1289565674,195.67.88.218
218222,Jonas Jacobsson,http://sv.wikipedia.org/w/index.php?diff=12835061,12835061,1289418288,195.67.88.218
1267930,Diskussion:Jonas Jacobsson,http://sv.wikipedia.org/w/index.php?diff=12835034,12835034,1289418104,195.67.88.218
33229,Lars Ohly,http://sv.wikipedia.org/w/index.php?diff=12826639,12826639,1289314921,195.67.88.218
14340,Anders Arborelius,http://sv.wikipedia.org/w/index.php?diff=12816746,12816746,1289234259,195.67.88.218
14340,Anders Arborelius,http://sv.wikipedia.org/w/index.php?diff=12816699,12816699,1289233949,195.67.88.218
273199,Tomträtt,http://sv.wikipedia.org/w/index.php?diff=12768120,12768120,1288692004,195.67.88.218
649588,Jabar Amin,http://sv.wikipedia.org/w/index.php?diff=12722853,12722853,1288045962,195.67.88.218
649588,Jabar Amin,http://sv.wikipedia.org/w/index.php?diff=12722849,12722849,1288045900,195.67.88.218
649588,Jabar Amin,http://sv.wikipedia.org/w/index.php?diff=12722845,12722845,1288045867,195.67.88.218
649588,Jabar Amin,http://sv.wikipedia.org/w/index.php?diff=12722841,12722841,1288045717,195.67.88.218
649588,Jabar Amin,http://sv.wikipedia.org/w/index.php?diff=12722832,12722832,1288045500,195.67.88.218
439198,Per Schlingmann,http://sv.wikipedia.org/w/index.php?diff=12609936,12609936,1286529790,195.67.88.218
1239408,Nordvision,http://sv.wikipedia.org/w/index.php?diff=12592107,12592107,1286286223,195.67.88.218
617229,"TV-huset, Stockholm",http://sv.wikipedia.org/w/index.php?diff=12592084,12592084,1286285962,195.67.88.218
617229,"TV-huset, Stockholm",http://sv.wikipedia.org/w/index.php?diff=12592044,12592044,1286285623,195.67.88.218
763210,Maria Ferm,http://sv.wikipedia.org/w/index.php?diff=12517003,12517003,1285254593,195.67.88.218
322125,Palantír,http://sv.wikipedia.org/w/index.php?diff=12370197,12370197,1283248496,195.67.88.218
322125,Palantír,http://sv.wikipedia.org/w/index.php?diff=12370194,12370194,1283248454,195.67.88.218
10317,Alf Svensson,http://sv.wikipedia.org/w/index.php?diff=12331421,12331421,1282642316,195.67.88.218
909195,Rune Wikström,http://sv.wikipedia.org/w/index.php?diff=12307823,12307823,1282292256,195.67.88.218
909195,Rune Wikström,http://sv.wikipedia.org/w/index.php?diff=12307821,12307821,1282292223,195.67.88.218
909195,Rune Wikström,http://sv.wikipedia.org/w/index.php?diff=12307818,12307818,1282292187,195.67.88.218
909195,Rune Wikström,http://sv.wikipedia.org/w/index.php?diff=12307554,12307554,1282289030,195.67.88.218
345294,Slaget vid Petsamo,http://sv.wikipedia.org/w/index.php?diff=12281770,12281770,1281940289,195.67.88.218
345294,Slaget vid Petsamo,http://sv.wikipedia.org/w/index.php?diff=12281766,12281766,1281940248,195.67.88.218
217142,Eva Flyborg,http://sv.wikipedia.org/w/index.php?diff=12269853,12269853,1281781134,195.67.88.218
393969,Gunvor G. Ericson,http://sv.wikipedia.org/w/index.php?diff=12243607,12243607,1281432878,195.67.88.218
217142,Eva Flyborg,http://sv.wikipedia.org/w/index.php?diff=12239851,12239851,1281376918,195.67.88.218
444510,Maria Plass,http://sv.wikipedia.org/w/index.php?diff=12199006,12199006,1280824816,195.67.88.218
259444,Lars Elinderson,http://sv.wikipedia.org/w/index.php?diff=12154741,12154741,1280129128,195.67.88.218
636492,Diskussion:Cappuccino,http://sv.wikipedia.org/w/index.php?diff=12115560,12115560,1279519803,195.67.88.218
650214,Norrbottens läns valkrets,http://sv.wikipedia.org/w/index.php?diff=12091301,12091301,1279191071,195.67.88.218
650214,Norrbottens läns valkrets,http://sv.wikipedia.org/w/index.php?diff=12091287,12091287,1279190943,195.67.88.218
650214,Norrbottens läns valkrets,http://sv.wikipedia.org/w/index.php?diff=12091279,12091279,1279190897,195.67.88.218
139326,Ella Bohlin,http://sv.wikipedia.org/w/index.php?diff=12020392,12020392,1278075875,195.67.88.218
42508,Serafimerorden,http://sv.wikipedia.org/w/index.php?diff=12003243,12003243,1277810190,195.67.88.218
444510,Maria Plass,http://sv.wikipedia.org/w/index.php?diff=11959120,11959120,1277128440,195.67.88.218
444510,Maria Plass,http://sv.wikipedia.org/w/index.php?diff=11959100,11959100,1277128282,195.67.88.218
444510,Maria Plass,http://sv.wikipedia.org/w/index.php?diff=11959084,11959084,1277128154,195.67.88.218
444510,Maria Plass,http://sv.wikipedia.org/w/index.php?diff=11959076,11959076,1277128066,195.67.88.218
559370,Ulrika Karlsson (politiker),http://sv.wikipedia.org/w/index.php?diff=11919925,11919925,1276608806,195.67.88.218
559370,Ulrika Karlsson (politiker),http://sv.wikipedia.org/w/index.php?diff=11919849,11919849,1276608152,195.67.88.218
681072,Diskussion:Studiebidrag,http://sv.wikipedia.org/w/index.php?diff=11892242,11892242,1276271021,195.67.88.218
547826,Serafimerlasarettet,http://sv.wikipedia.org/w/index.php?diff=11883743,11883743,1276155285,195.67.88.218
559370,Ulrika Karlsson (politiker),http://sv.wikipedia.org/w/index.php?diff=11873199,11873199,1276009598,195.67.88.218
559370,Ulrika Karlsson (politiker),http://sv.wikipedia.org/w/index.php?diff=11873158,11873158,1276009247,195.67.88.218
559370,Ulrika Karlsson (politiker),http://sv.wikipedia.org/w/index.php?diff=11873138,11873138,1276009098,195.67.88.218
891925,Liberal mångfald,http://sv.wikipedia.org/w/index.php?diff=11829840,11829840,1275482291,195.67.88.218
1016168,Victoria Park,http://sv.wikipedia.org/w/index.php?diff=11798209,11798209,1275042589,195.67.88.218
71691,Ingrid Segerstedt-Wiberg,http://sv.wikipedia.org/w/index.php?diff=11778725,11778725,1274802994,195.67.88.218
1169283,Riksdagens utredningstjänst,http://sv.wikipedia.org/w/index.php?diff=11738873,11738873,1274270426,195.67.88.218
124382,Frimureri,http://sv.wikipedia.org/w/index.php?diff=11738403,11738403,1274265751,195.67.88.218
113511,Friskola,http://sv.wikipedia.org/w/index.php?diff=11681282,11681282,1273577120,195.67.88.218
366523,Jonas Arnell,http://sv.wikipedia.org/w/index.php?diff=11604722,11604722,1272621208,195.67.88.218
7489,Mexico City,http://sv.wikipedia.org/w/index.php?diff=11591021,11591021,1272448811,195.67.88.218
1169283,Riksdagens utredningstjänst,http://sv.wikipedia.org/w/index.php?diff=11590809,11590809,1272446343,195.67.88.218
1169283,Riksdagens utredningstjänst,http://sv.wikipedia.org/w/index.php?diff=11590801,11590801,1272446283,195.67.88.218
426735,Niki Westerberg,http://sv.wikipedia.org/w/index.php?diff=11560093,11560093,1272029106,195.67.88.218
231617,Skåne läns södra valkrets,http://sv.wikipedia.org/w/index.php?diff=11552450,11552450,1271924567,195.67.88.218
1166335,Ewa Thalén Finné (politiker),http://sv.wikipedia.org/w/index.php?diff=11552443,11552443,1271924516,195.67.88.218
231617,Skåne läns södra valkrets,http://sv.wikipedia.org/w/index.php?diff=11552433,11552433,1271924414,195.67.88.218
6172,Hertig,http://sv.wikipedia.org/w/index.php?diff=11534047,11534047,1271682088,195.67.88.218
262996,Jenny Strömstedt,http://sv.wikipedia.org/w/index.php?diff=11533981,11533981,1271681461,195.67.88.217
74895,Diskussion:Litauen,http://sv.wikipedia.org/w/index.php?diff=11502138,11502138,1271246125,195.67.88.218
133057,Natalia Kazmierska,http://sv.wikipedia.org/w/index.php?diff=11495068,11495068,1271163734,195.67.88.217
217455,Studentkåren StuFF vid Linköpings universitet,http://sv.wikipedia.org/w/index.php?diff=11461232,11461232,1270717519,195.67.88.218
366523,Jonas Arnell,http://sv.wikipedia.org/w/index.php?diff=11461171,11461171,1270716849,195.67.88.218
366523,Jonas Arnell,http://sv.wikipedia.org/w/index.php?diff=11361644,11361644,1269336889,195.67.88.218
288056,Nina Lundström,http://sv.wikipedia.org/w/index.php?diff=11334958,11334958,1268998200,195.67.88.218
772912,Nouruz,http://sv.wikipedia.org/w/index.php?diff=11334336,11334336,1268992472,195.67.88.218
18116,Bosse Ringholm,http://sv.wikipedia.org/w/index.php?diff=11275059,11275059,1268319852,195.67.88.218
1145541,Diskussion:Stanislav Řezáč,http://sv.wikipedia.org/w/index.php?diff=11253064,11253064,1268056608,195.67.88.218
298295,Stanislav Řezáč,http://sv.wikipedia.org/w/index.php?diff=11253062,11253062,1268056557,195.67.88.218
891925,Liberal mångfald,http://sv.wikipedia.org/w/index.php?diff=11241311,11241311,1267905377,195.67.88.218
217142,Eva Flyborg,http://sv.wikipedia.org/w/index.php?diff=11230259,11230259,1267776107,195.67.88.218
217142,Eva Flyborg,http://sv.wikipedia.org/w/index.php?diff=11224006,11224006,1267700620,195.67.88.218
812142,Sajncho Namtjylak,http://sv.wikipedia.org/w/index.php?diff=11218809,11218809,1267627688,195.67.88.218
812142,Sajncho Namtjylak,http://sv.wikipedia.org/w/index.php?diff=11218797,11218797,1267627559,195.67.88.218
875905,Isabella Jernbeck,http://sv.wikipedia.org/w/index.php?diff=11217937,11217937,1267618906,195.67.88.218
875905,Isabella Jernbeck,http://sv.wikipedia.org/w/index.php?diff=11217904,11217904,1267618526,195.67.88.218
41879,IB,http://sv.wikipedia.org/w/index.php?diff=11178886,11178886,1267094676,195.67.88.218
83685,Svensk tidskrift,http://sv.wikipedia.org/w/index.php?diff=11178625,11178625,1267092838,195.67.88.218
491689,Maria Kornevik Jakobsson,http://sv.wikipedia.org/w/index.php?diff=11178606,11178606,1267092703,195.67.88.218
388564,Medborgarskolan,http://sv.wikipedia.org/w/index.php?diff=11178574,11178574,1267092519,195.67.88.218
975265,Användardiskussion:195.67.88.218,http://sv.wikipedia.org/w/index.php?diff=11178549,11178549,1267092331,195.67.88.218
81760,Per Westerberg,http://sv.wikipedia.org/w/index.php?diff=11178458,11178458,1267092029,195.67.88.218
492030,Göran Pettersson,http://sv.wikipedia.org/w/index.php?diff=11178344,11178344,1267091331,195.67.88.218
18116,Bosse Ringholm,http://sv.wikipedia.org/w/index.php?diff=11178322,11178322,1267091073,195.67.88.218
217142,Eva Flyborg,http://sv.wikipedia.org/w/index.php?diff=11178308,11178308,1267090865,195.67.88.218
138312,Gunnar Axén,http://sv.wikipedia.org/w/index.php?diff=11178294,11178294,1267090674,195.67.88.218
521592,Tomas Tobé,http://sv.wikipedia.org/w/index.php?diff=11178279,11178279,1267090550,195.67.88.218
256748,Henri Michaux,http://sv.wikipedia.org/w/index.php?diff=11178266,11178266,1267090455,195.67.88.218
560787,Mikaelskyrkan,http://sv.wikipedia.org/w/index.php?diff=11177936,11177936,1267087599,195.67.88.218
138552,Den Heliga gravens av Jerusalem riddarorden,http://sv.wikipedia.org/w/index.php?diff=11174255,11174255,1267026442,195.67.88.218
505805,Internationella kommissionen för riddarordnar,http://sv.wikipedia.org/w/index.php?diff=11174246,11174246,1267026353,195.67.88.218
862092,Kategori:Byggnader ritade av Carl Westman,http://sv.wikipedia.org/w/index.php?diff=11132153,11132153,1266495700,195.67.88.218
365151,Makan Afshinnejad,http://sv.wikipedia.org/w/index.php?diff=11118728,11118728,1266328237,195.67.88.218
521592,Tomas Tobé,http://sv.wikipedia.org/w/index.php?diff=11060570,11060570,1265647726,195.67.88.218
87207,Klättring,http://sv.wikipedia.org/w/index.php?diff=11028039,11028039,1265285547,195.67.88.218
491689,Maria Kornevik Jakobsson,http://sv.wikipedia.org/w/index.php?diff=10993353,10993353,1264887504,195.67.88.218
36450,Melodifestivalen 1988,http://sv.wikipedia.org/w/index.php?diff=10979114,10979114,1264685505,195.67.88.218
36450,Melodifestivalen 1988,http://sv.wikipedia.org/w/index.php?diff=10979108,10979108,1264685451,195.67.88.218
388564,Medborgarskolan,http://sv.wikipedia.org/w/index.php?diff=10917228,10917228,1263904978,195.67.88.218
964652,Lars-Axel Nordell,http://sv.wikipedia.org/w/index.php?diff=10729724,10729724,1261435549,195.67.88.218
318599,Upphovsrätt,http://sv.wikipedia.org/w/index.php?diff=10623619,10623619,1259934083,195.67.88.218
1098290,Diskussion:Nedladdning,http://sv.wikipedia.org/w/index.php?diff=10623609,10623609,1259933851,195.67.88.218
139725,Nedladdning,http://sv.wikipedia.org/w/index.php?diff=10623581,10623581,1259933531,195.67.88.218
114060,Claes Janson,http://sv.wikipedia.org/w/index.php?diff=10617041,10617041,1259830650,195.67.88.218
1029170,Kollektivavtal,http://sv.wikipedia.org/w/index.php?diff=10582703,10582703,1259336094,195.67.88.218
870394,Diskussion:Kontinental Hockey League,http://sv.wikipedia.org/w/index.php?diff=10563812,10563812,1259072291,195.67.88.218
870394,Diskussion:Kontinental Hockey League,http://sv.wikipedia.org/w/index.php?diff=10562593,10562593,1259057998,195.67.88.218
31291,Vaira Vīķe-Freiberga,http://sv.wikipedia.org/w/index.php?diff=10530351,10530351,1258629924,195.67.88.219
492030,Göran Pettersson,http://sv.wikipedia.org/w/index.php?diff=10305015,10305015,1255881479,195.67.88.218
217142,Eva Flyborg,http://sv.wikipedia.org/w/index.php?diff=10290478,10290478,1255727512,195.67.88.218
217142,Eva Flyborg,http://sv.wikipedia.org/w/index.php?diff=10290392,10290392,1255727074,195.67.88.218
138312,Gunnar Axén,http://sv.wikipedia.org/w/index.php?diff=10249909,10249909,1255393948,195.67.88.218
975265,Användardiskussion:195.67.88.218,http://sv.wikipedia.org/w/index.php?diff=9576596,9576596,1247127050,195.67.88.218
113780,Kristian Huselius,http://sv.wikipedia.org/w/index.php?diff=9576547,9576547,1247126129,195.67.88.218
113780,Kristian Huselius,http://sv.wikipedia.org/w/index.php?diff=9576537,9576537,1247125928,195.67.88.218
279940,Göran Lindblad (politiker),http://sv.wikipedia.org/w/index.php?diff=9573191,9573191,1247072510,195.67.88.218
563050,Nour El Refai,http://sv.wikipedia.org/w/index.php?diff=9564043,9564043,1246967975,195.67.88.218
837551,Per-Olof Wärring,http://sv.wikipedia.org/w/index.php?diff=9563067,9563067,1246957487,195.67.88.218
837551,Per-Olof Wärring,http://sv.wikipedia.org/w/index.php?diff=9563043,9563043,1246957261,195.67.88.218
20370,Midsommar,http://sv.wikipedia.org/w/index.php?diff=9445274,9445274,1245314542,195.67.88.218
20370,Midsommar,http://sv.wikipedia.org/w/index.php?diff=9445243,9445243,1245314294,195.67.88.218
408318,Kulu,http://sv.wikipedia.org/w/index.php?diff=9400386,9400386,1244727718,195.67.88.218
73872,Emma Zetterberg,http://sv.wikipedia.org/w/index.php?diff=9398343,9398343,1244710867,195.67.88.218
837551,Per-Olof Wärring,http://sv.wikipedia.org/w/index.php?diff=9391175,9391175,1244643025,195.67.88.218
101445,Kent Härstedt,http://sv.wikipedia.org/w/index.php?diff=9389131,9389131,1244626010,195.67.88.218
101445,Kent Härstedt,http://sv.wikipedia.org/w/index.php?diff=9388958,9388958,1244625155,195.67.88.218
101445,Kent Härstedt,http://sv.wikipedia.org/w/index.php?diff=9388950,9388950,1244625116,195.67.88.218
18116,Bosse Ringholm,http://sv.wikipedia.org/w/index.php?diff=9383056,9383056,1244553256,195.67.88.218
48061,Zlatan Ibrahimović,http://sv.wikipedia.org/w/index.php?diff=9376427,9376427,1244464076,195.67.88.218
48061,Zlatan Ibrahimović,http://sv.wikipedia.org/w/index.php?diff=9376412,9376412,1244463920,195.67.88.218
48061,Zlatan Ibrahimović,http://sv.wikipedia.org/w/index.php?diff=9376327,9376327,1244462992,195.67.88.218
4308,Feyenoord,http://sv.wikipedia.org/w/index.php?diff=9376286,9376286,1244462612,195.67.88.218
48043,PSV Eindhoven,http://sv.wikipedia.org/w/index.php?diff=9376276,9376276,1244462497,195.67.88.218
1007749,Diskussion:Jacob Gråberg,http://sv.wikipedia.org/w/index.php?diff=9255764,9255764,1243253648,195.67.88.218
941,Jacob Gråberg,http://sv.wikipedia.org/w/index.php?diff=9255699,9255699,1243252997,195.67.88.218
293681,Gulan Avci,http://sv.wikipedia.org/w/index.php?diff=9249002,9249002,1243186258,195.67.88.218
491689,Maria Kornevik Jakobsson,http://sv.wikipedia.org/w/index.php?diff=9226565,9226565,1242943100,195.67.88.218
619882,Majda Raad,http://sv.wikipedia.org/w/index.php?diff=9217007,9217007,1242819940,195.67.88.218
48463,Buss (elektronisk term),http://sv.wikipedia.org/w/index.php?diff=9216887,9216887,1242818708,195.67.88.218
971115,Intars Busulis,http://sv.wikipedia.org/w/index.php?diff=9174907,9174907,1242295283,195.67.88.218
971115,Intars Busulis,http://sv.wikipedia.org/w/index.php?diff=9174903,9174903,1242295219,195.67.88.218
81760,Per Westerberg,http://sv.wikipedia.org/w/index.php?diff=9160220,9160220,1242074292,195.67.88.218
81760,Per Westerberg,http://sv.wikipedia.org/w/index.php?diff=9160216,9160216,1242074249,195.67.88.218
81760,Per Westerberg,http://sv.wikipedia.org/w/index.php?diff=9160167,9160167,1242073611,195.67.88.218
81760,Per Westerberg,http://sv.wikipedia.org/w/index.php?diff=9160133,9160133,1242073366,195.67.88.218
909642,Roy Hansson,http://sv.wikipedia.org/w/index.php?diff=9072521,9072521,1240994945,195.67.88.218
740364,Tage Johansson (politiker),http://sv.wikipedia.org/w/index.php?diff=9067310,9067310,1240926001,195.67.88.218
727588,Motorvägar i Sverige,http://sv.wikipedia.org/w/index.php?diff=9031408,9031408,1240427998,195.67.88.218
727588,Motorvägar i Sverige,http://sv.wikipedia.org/w/index.php?diff=9031285,9031285,1240426962,195.67.88.218
727588,Motorvägar i Sverige,http://sv.wikipedia.org/w/index.php?diff=9031278,9031278,1240426902,195.67.88.218
727588,Motorvägar i Sverige,http://sv.wikipedia.org/w/index.php?diff=9030400,9030400,1240419849,195.67.88.218
727588,Motorvägar i Sverige,http://sv.wikipedia.org/w/index.php?diff=9030390,9030390,1240419706,195.67.88.218
727588,Motorvägar i Sverige,http://sv.wikipedia.org/w/index.php?diff=9030383,9030383,1240419617,195.67.88.218
1154,Litauen,http://sv.wikipedia.org/w/index.php?diff=9022543,9022543,1240331953,195.67.88.218
260849,Härlanda fängelse,http://sv.wikipedia.org/w/index.php?diff=8978759,8978759,1239714307,195.67.88.218
259444,Lars Elinderson,http://sv.wikipedia.org/w/index.php?diff=8940908,8940908,1239176826,195.67.88.218
259444,Lars Elinderson,http://sv.wikipedia.org/w/index.php?diff=8940901,8940901,1239176700,195.67.88.218
259444,Lars Elinderson,http://sv.wikipedia.org/w/index.php?diff=8940893,8940893,1239176591,195.67.88.218
259444,Lars Elinderson,http://sv.wikipedia.org/w/index.php?diff=8937885,8937885,1239118794,195.67.88.218
259444,Lars Elinderson,http://sv.wikipedia.org/w/index.php?diff=8931596,8931596,1239032335,195.67.88.218
259444,Lars Elinderson,http://sv.wikipedia.org/w/index.php?diff=8931590,8931590,1239032275,195.67.88.218
259444,Lars Elinderson,http://sv.wikipedia.org/w/index.php?diff=8931561,8931561,1239032099,195.67.88.218
259444,Lars Elinderson,http://sv.wikipedia.org/w/index.php?diff=8931543,8931543,1239031976,195.67.88.218
259444,Lars Elinderson,http://sv.wikipedia.org/w/index.php?diff=8928853,8928853,1239003718,195.67.88.218
259444,Lars Elinderson,http://sv.wikipedia.org/w/index.php?diff=8928837,8928837,1239003548,195.67.88.218
259444,Lars Elinderson,http://sv.wikipedia.org/w/index.php?diff=8928822,8928822,1239003194,195.67.88.218
329957,Anne Marie Brodén,http://sv.wikipedia.org/w/index.php?diff=8903241,8903241,1238662592,195.67.88.218
259444,Lars Elinderson,http://sv.wikipedia.org/w/index.php?diff=8855299,8855299,1238056789,195.67.88.218
975265,Användardiskussion:195.67.88.218,http://sv.wikipedia.org/w/index.php?diff=8851115,8851115,1237989623,195.67.88.218
28131,George Clooney,http://sv.wikipedia.org/w/index.php?diff=8851104,8851104,1237989497,195.67.88.218
592865,Sara Dennås,http://sv.wikipedia.org/w/index.php?diff=8846391,8846391,1237920897,195.67.88.218
964652,Lars-Axel Nordell,http://sv.wikipedia.org/w/index.php?diff=8836090,8836090,1237803310,195.67.88.218
143032,Discovery (rymdfärja),http://sv.wikipedia.org/w/index.php?diff=8787735,8787735,1237205419,195.67.88.218
716993,Jabloko,http://sv.wikipedia.org/w/index.php?diff=8619750,8619750,1235316409,195.67.88.218
650175,Gudrun Norberg,http://sv.wikipedia.org/w/index.php?diff=8603794,8603794,1235131013,195.67.88.218
617229,"TV-huset, Stockholm",http://sv.wikipedia.org/w/index.php?diff=8538037,8538037,1234363829,195.67.88.218
330113,Kenneth G. Forslund,http://sv.wikipedia.org/w/index.php?diff=8522946,8522946,1234205486,195.67.88.218
867749,Staffan Appelros,http://sv.wikipedia.org/w/index.php?diff=8480467,8480467,1233760879,195.67.88.218
87817,Avril Lavigne,http://sv.wikipedia.org/w/index.php?diff=8440415,8440415,1233304854,195.67.88.218
50095,SVT1,http://sv.wikipedia.org/w/index.php?diff=8410461,8410461,1232965501,195.67.88.218
50095,SVT1,http://sv.wikipedia.org/w/index.php?diff=8410460,8410460,1232965471,195.67.88.218
366523,Jonas Arnell,http://sv.wikipedia.org/w/index.php?diff=8381472,8381472,1232631604,195.67.88.218
202175,Lars Augustin Mannerheim,http://sv.wikipedia.org/w/index.php?diff=8375000,8375000,1232550873,195.67.88.218
202175,Lars Augustin Mannerheim,http://sv.wikipedia.org/w/index.php?diff=8374994,8374994,1232550822,195.67.88.218
700818,Lista över justitieombudsmän i Sverige,http://sv.wikipedia.org/w/index.php?diff=8374925,8374925,1232550138,195.67.88.218
185428,Arne Næss,http://sv.wikipedia.org/w/index.php?diff=8310376,8310376,1231837638,195.67.88.218
651117,Johnny Magnusson,http://sv.wikipedia.org/w/index.php?diff=8214788,8214788,1230664758,195.67.88.218
83685,Svensk tidskrift,http://sv.wikipedia.org/w/index.php?diff=8144111,8144111,1229703611,195.67.88.218
213997,Mikael Johansson (politiker),http://sv.wikipedia.org/w/index.php?diff=8128887,8128887,1229520063,195.67.88.218
206716,Svenska simförbundet,http://sv.wikipedia.org/w/index.php?diff=8018457,8018457,1228160904,195.67.88.218
740364,Tage Johansson (politiker),http://sv.wikipedia.org/w/index.php?diff=7995723,7995723,1227879908,195.67.88.218
837551,Per-Olof Wärring,http://sv.wikipedia.org/w/index.php?diff=7911032,7911032,1226925623,195.67.88.218
837551,Per-Olof Wärring,http://sv.wikipedia.org/w/index.php?diff=7911014,7911014,1226925487,195.67.88.218
223937,Björn Alge,http://sv.wikipedia.org/w/index.php?diff=7883270,7883270,1226575375,195.67.88.218
223937,Björn Alge,http://sv.wikipedia.org/w/index.php?diff=7883242,7883242,1226575213,195.67.88.218
223937,Björn Alge,http://sv.wikipedia.org/w/index.php?diff=7883213,7883213,1226574948,195.67.88.218
223937,Björn Alge,http://sv.wikipedia.org/w/index.php?diff=7883203,7883203,1226574907,195.67.88.218
105954,Ines Uusmann,http://sv.wikipedia.org/w/index.php?diff=7868810,7868810,1226396898,195.67.88.218
105954,Ines Uusmann,http://sv.wikipedia.org/w/index.php?diff=7868806,7868806,1226396851,195.67.88.218
102468,Vätterleden,http://sv.wikipedia.org/w/index.php?diff=7734764,7734764,1224700303,195.67.88.222
727588,Motorvägar i Sverige,http://sv.wikipedia.org/w/index.php?diff=7734442,7734442,1224696741,195.67.88.222
727588,Motorvägar i Sverige,http://sv.wikipedia.org/w/index.php?diff=7734414,7734414,1224696483,195.67.88.222
727588,Motorvägar i Sverige,http://sv.wikipedia.org/w/index.php?diff=7734350,7734350,1224696009,195.67.88.222
727588,Motorvägar i Sverige,http://sv.wikipedia.org/w/index.php?diff=7734261,7734261,1224695354,195.67.88.222
727588,Motorvägar i Sverige,http://sv.wikipedia.org/w/index.php?diff=7734203,7734203,1224694835,195.67.88.222
727588,Motorvägar i Sverige,http://sv.wikipedia.org/w/index.php?diff=7734183,7734183,1224694663,195.67.88.222
727588,Motorvägar i Sverige,http://sv.wikipedia.org/w/index.php?diff=7734170,7734170,1224694552,195.67.88.222
727588,Motorvägar i Sverige,http://sv.wikipedia.org/w/index.php?diff=7734091,7734091,1224693793,195.67.88.222
727588,Motorvägar i Sverige,http://sv.wikipedia.org/w/index.php?diff=7734085,7734085,1224693690,195.67.88.222
727588,Motorvägar i Sverige,http://sv.wikipedia.org/w/index.php?diff=7733278,7733278,1224685989,195.67.88.222
727588,Motorvägar i Sverige,http://sv.wikipedia.org/w/index.php?diff=7733256,7733256,1224685764,195.67.88.222
878779,Trafikdata,http://sv.wikipedia.org/w/index.php?diff=7710651,7710651,1224439173,195.67.88.222
49389,Försvarets radioanstalt,http://sv.wikipedia.org/w/index.php?diff=7710640,7710640,1224439102,195.67.88.222
825648,FRA-lagen,http://sv.wikipedia.org/w/index.php?diff=7687932,7687932,1224191361,195.67.88.222
114286,Cecilia Wikström,http://sv.wikipedia.org/w/index.php?diff=7659002,7659002,1223844362,195.67.88.222
109345,Europeiska radio- och TV-unionen,http://sv.wikipedia.org/w/index.php?diff=7568673,7568673,1222884587,195.67.88.222
109345,Europeiska radio- och TV-unionen,http://sv.wikipedia.org/w/index.php?diff=7568640,7568640,1222884315,195.67.88.222
13466,Olov Svedelid,http://sv.wikipedia.org/w/index.php?diff=7511177,7511177,1222172532,195.67.88.222
207724,Mats Johansson (journalist),http://sv.wikipedia.org/w/index.php?diff=7056472,7056472,1217159283,195.67.88.222
393969,Gunvor G. Ericson,http://sv.wikipedia.org/w/index.php?diff=6595312,6595312,1210947519,195.67.88.222
479478,Désirée Liljevall,http://sv.wikipedia.org/w/index.php?diff=6391305,6391305,1208195621,195.67.88.222
22319,Mikael Damberg,http://sv.wikipedia.org/w/index.php?diff=5836071,5836071,1201464389,195.67.88.222
22319,Mikael Damberg,http://sv.wikipedia.org/w/index.php?diff=5836034,5836034,1201464000,195.67.88.222
330143,Peter Pedersen,http://sv.wikipedia.org/w/index.php?diff=5816248,5816248,1201212520,195.67.88.222
330143,Peter Pedersen,http://sv.wikipedia.org/w/index.php?diff=5815913,5815913,1201209563,195.67.88.222
330143,Peter Pedersen,http://sv.wikipedia.org/w/index.php?diff=5815782,5815782,1201208498,195.67.88.222
439516,Stureplanscentern,http://sv.wikipedia.org/w/index.php?diff=5804692,5804692,1201078155,195.67.88.222
17420,Järfälla kommun,http://sv.wikipedia.org/w/index.php?diff=5625768,5625768,1198754382,195.67.88.222
330018,Staffan Danielsson,http://sv.wikipedia.org/w/index.php?diff=5622843,5622843,1198692215,195.67.88.222
238781,Kristdemokratiska Kvinnoförbundet,http://sv.wikipedia.org/w/index.php?diff=5553184,5553184,1197562527,195.67.88.222
6096,Kristdemokraterna (Sverige),http://sv.wikipedia.org/w/index.php?diff=5553148,5553148,1197562181,195.67.88.222
6096,Kristdemokraterna (Sverige),http://sv.wikipedia.org/w/index.php?diff=5529644,5529644,1197230055,195.67.88.222
63496,Bo Bernhardsson,http://sv.wikipedia.org/w/index.php?diff=5529300,5529300,1197227167,195.67.88.222
63496,Bo Bernhardsson,http://sv.wikipedia.org/w/index.php?diff=5529285,5529285,1197227048,195.67.88.222
63496,Bo Bernhardsson,http://sv.wikipedia.org/w/index.php?diff=5529281,5529281,1197226990,195.67.88.222
330003,Mikael Oscarsson,http://sv.wikipedia.org/w/index.php?diff=5514754,5514754,1197025162,195.67.88.222
6096,Kristdemokraterna (Sverige),http://sv.wikipedia.org/w/index.php?diff=5512275,5512275,1196974724,195.67.88.222
6096,Kristdemokraterna (Sverige),http://sv.wikipedia.org/w/index.php?diff=5512269,5512269,1196974695,195.67.88.222
330003,Mikael Oscarsson,http://sv.wikipedia.org/w/index.php?diff=5361826,5361826,1194907534,195.67.88.222
330003,Mikael Oscarsson,http://sv.wikipedia.org/w/index.php?diff=5356080,5356080,1194865474,195.67.88.222
202161,Subvention,http://sv.wikipedia.org/w/index.php?diff=5327790,5327790,1194525592,195.67.88.222
330084,Margareta Pålsson,http://sv.wikipedia.org/w/index.php?diff=5299745,5299745,1194195050,195.67.88.222
290339,Utrikesutskottet,http://sv.wikipedia.org/w/index.php?diff=5299712,5299712,1194194740,195.67.88.222
329933,Alf Eriksson,http://sv.wikipedia.org/w/index.php?diff=5105971,5105971,1191611258,195.67.88.222
114286,Cecilia Wikström,http://sv.wikipedia.org/w/index.php?diff=5025729,5025729,1190577321,195.67.88.222
330003,Mikael Oscarsson,http://sv.wikipedia.org/w/index.php?diff=4908797,4908797,1188938867,195.67.88.222
126265,Johan Linander,http://sv.wikipedia.org/w/index.php?diff=4908565,4908565,1188936570,195.67.88.222
114276,Rossana Dinamarca,http://sv.wikipedia.org/w/index.php?diff=4891523,4891523,1188677061,195.67.88.222
96466,Mauricio Rojas,http://sv.wikipedia.org/w/index.php?diff=4854790,4854790,1188109403,195.67.88.222
96466,Mauricio Rojas,http://sv.wikipedia.org/w/index.php?diff=4854784,4854784,1188108778,195.67.88.222
96466,Mauricio Rojas,http://sv.wikipedia.org/w/index.php?diff=4854743,4854743,1188106594,195.67.88.222
96466,Mauricio Rojas,http://sv.wikipedia.org/w/index.php?diff=4854716,4854716,1188104809,195.67.88.222
96466,Mauricio Rojas,http://sv.wikipedia.org/w/index.php?diff=4854707,4854707,1188104329,195.67.88.222
96466,Mauricio Rojas,http://sv.wikipedia.org/w/index.php?diff=4854705,4854705,1188104183,195.67.88.222
96466,Mauricio Rojas,http://sv.wikipedia.org/w/index.php?diff=4854698,4854698,1188103840,195.67.88.222
101445,Kent Härstedt,http://sv.wikipedia.org/w/index.php?diff=4851194,4851194,1188053382,195.67.88.222
491687,Emma Henriksson,http://sv.wikipedia.org/w/index.php?diff=4834953,4834953,1187784155,195.67.88.222
207724,Mats Johansson (journalist),http://sv.wikipedia.org/w/index.php?diff=4682030,4682030,1185271495,195.67.88.222
621198,Lars Hjälmered,http://sv.wikipedia.org/w/index.php?diff=4563563,4563563,1183305356,195.67.88.222
101445,Kent Härstedt,http://sv.wikipedia.org/w/index.php?diff=4547572,4547572,1182987216,195.67.88.222
5051,Forsa socken,http://sv.wikipedia.org/w/index.php?diff=4529606,4529606,1182696371,195.67.88.222
245517,Sven Bergström,http://sv.wikipedia.org/w/index.php?diff=4529591,4529591,1182696191,195.67.88.222
329963,Annika Qarlsson,http://sv.wikipedia.org/w/index.php?diff=4430092,4430092,1181030197,195.67.88.222
329963,Annika Qarlsson,http://sv.wikipedia.org/w/index.php?diff=4430076,4430076,1181030082,195.67.88.222
56068,Fredrick Federley,http://sv.wikipedia.org/w/index.php?diff=4339299,4339299,1179826337,195.67.88.222
582808,Diskussion:Europeiska unionens råd,http://sv.wikipedia.org/w/index.php?diff=4188634,4188634,1177865858,195.67.88.222
24492,Diskussion:Europeiska unionen,http://sv.wikipedia.org/w/index.php?diff=4188577,4188577,1177865129,195.67.88.222
114276,Rossana Dinamarca,http://sv.wikipedia.org/w/index.php?diff=4187958,4187958,1177859681,195.67.88.222
483736,Folkrörelsen Nej till EU,http://sv.wikipedia.org/w/index.php?diff=3812430,3812430,1173055891,195.67.88.222
483736,Folkrörelsen Nej till EU,http://sv.wikipedia.org/w/index.php?diff=3812380,3812380,1173055022,195.67.88.222
483736,Folkrörelsen Nej till EU,http://sv.wikipedia.org/w/index.php?diff=3812119,3812119,1173052317,195.67.88.222
53042,Eva-Britt Svensson,http://sv.wikipedia.org/w/index.php?diff=3812056,3812056,1173051781,195.67.88.222
483736,Folkrörelsen Nej till EU,http://sv.wikipedia.org/w/index.php?diff=3812037,3812037,1173051631,195.67.88.222
483736,Folkrörelsen Nej till EU,http://sv.wikipedia.org/w/index.php?diff=3812025,3812025,1173051549,195.67.88.222
483736,Folkrörelsen Nej till EU,http://sv.wikipedia.org/w/index.php?diff=3812010,3812010,1173051453,195.67.88.222
483736,Folkrörelsen Nej till EU,http://sv.wikipedia.org/w/index.php?diff=3811979,3811979,1173051151,195.67.88.222
56068,Fredrick Federley,http://sv.wikipedia.org/w/index.php?diff=3795052,3795052,1172857899,195.67.88.222
522352,Lena Asplund,http://sv.wikipedia.org/w/index.php?diff=3650346,3650346,1170949024,195.67.88.222
449141,Roger Mogert,http://sv.wikipedia.org/w/index.php?diff=3352128,3352128,1167345049,195.67.88.222
436311,Christian Holm,http://sv.wikipedia.org/w/index.php?diff=3250216,3250216,1165779247,195.67.88.222
56068,Fredrick Federley,http://sv.wikipedia.org/w/index.php?diff=3102392,3102392,1163685006,195.67.88.222
71411,Kategori:Svenska moderater,http://sv.wikipedia.org/w/index.php?diff=3019695,3019695,1162428645,195.67.88.222
71411,Kategori:Svenska moderater,http://sv.wikipedia.org/w/index.php?diff=3019692,3019692,1162428588,195.67.88.222
228682,Ola Alterå,http://sv.wikipedia.org/w/index.php?diff=3015452,3015452,1162373393,195.67.88.222
228673,Magdalena Fransson,http://sv.wikipedia.org/w/index.php?diff=3015391,3015391,1162372429,195.67.88.222
204044,Malin Svensson,http://sv.wikipedia.org/w/index.php?diff=3015384,3015384,1162372283,195.67.88.222
56068,Fredrick Federley,http://sv.wikipedia.org/w/index.php?diff=3015352,3015352,1162371893,195.67.88.222
139867,Sofia Jarl,http://sv.wikipedia.org/w/index.php?diff=3015295,3015295,1162370889,195.67.88.222
438443,Annie Lööf,http://sv.wikipedia.org/w/index.php?diff=3015275,3015275,1162370566,195.67.88.222
56068,Fredrick Federley,http://sv.wikipedia.org/w/index.php?diff=3015241,3015241,1162369937,195.67.88.222
