id,title,diff_url,revision_id,timestamp,contributor_ip
15990747,KACI (AM),http://en.wikipedia.org/w/index.php?diff=340324220,340324220,1264597002,192.41.140.2
15990747,KACI (AM),http://en.wikipedia.org/w/index.php?diff=340323703,340323703,1264596698,192.41.140.2
1834029,Wiehen Hills,http://en.wikipedia.org/w/index.php?diff=339543118,339543118,1264260159,192.101.252.103
9834282,Talk:Wiehen Hills,http://en.wikipedia.org/w/index.php?diff=339542801,339542801,1264260018,192.101.252.103
11792686,Talk:Penguin,http://en.wikipedia.org/w/index.php?diff=339161220,339161220,1264087328,192.101.252.103
9834282,Talk:Wiehen Hills,http://en.wikipedia.org/w/index.php?diff=334897283,334897283,1262173637,192.101.252.103
1844074,Big Sky Resort,http://en.wikipedia.org/w/index.php?diff=332661033,332661033,1261223632,192.101.252.103
6731,C-17 Globemaster III,http://en.wikipedia.org/w/index.php?diff=328995832,328995832,1259658228,192.101.252.103
194200,International Security Assistance Force,http://en.wikipedia.org/w/index.php?diff=327067938,327067938,1258784591,192.101.252.103
194200,International Security Assistance Force,http://en.wikipedia.org/w/index.php?diff=327067826,327067826,1258784520,192.101.252.103
38493,Genus,http://en.wikipedia.org/w/index.php?diff=326897707,326897707,1258707970,192.101.252.103
38493,Genus,http://en.wikipedia.org/w/index.php?diff=326896350,326896350,1258707056,192.101.252.103
38493,Genus,http://en.wikipedia.org/w/index.php?diff=326896221,326896221,1258706969,192.101.252.103
38493,Genus,http://en.wikipedia.org/w/index.php?diff=326895865,326895865,1258706729,192.101.252.103
38493,Genus,http://en.wikipedia.org/w/index.php?diff=326895779,326895779,1258706676,192.101.252.103
248001,Web Ontology Language,http://en.wikipedia.org/w/index.php?diff=326895496,326895496,1258706458,192.101.252.103
17668601,Gymnasium der Stadt Kerpen,http://en.wikipedia.org/w/index.php?diff=326738696,326738696,1258642417,192.101.252.103
13493692,Bosnian Police,http://en.wikipedia.org/w/index.php?diff=326723493,326723493,1258634724,192.101.252.103
13493692,Bosnian Police,http://en.wikipedia.org/w/index.php?diff=326723458,326723458,1258634702,192.101.252.103
13493692,Bosnian Police,http://en.wikipedia.org/w/index.php?diff=326723401,326723401,1258634676,192.101.252.103
16283969,Wikipedia:Sandbox,http://en.wikipedia.org/w/index.php?diff=324855765,324855765,1257782122,192.101.252.103
16283969,Wikipedia:Sandbox,http://en.wikipedia.org/w/index.php?diff=324854984,324854984,1257781801,192.101.252.103
16283969,Wikipedia:Sandbox,http://en.wikipedia.org/w/index.php?diff=324854665,324854665,1257781682,192.101.252.103
248001,Web Ontology Language,http://en.wikipedia.org/w/index.php?diff=324825233,324825233,1257767436,192.101.252.103
974041,Foreman of Signals,http://en.wikipedia.org/w/index.php?diff=324439027,324439027,1257589021,192.101.252.103
974041,Foreman of Signals,http://en.wikipedia.org/w/index.php?diff=324427482,324427482,1257582104,192.101.252.103
974041,Foreman of Signals,http://en.wikipedia.org/w/index.php?diff=324427336,324427336,1257582001,192.101.252.103
974041,Foreman of Signals,http://en.wikipedia.org/w/index.php?diff=324301429,324301429,1257526490,192.101.252.103
974041,Foreman of Signals,http://en.wikipedia.org/w/index.php?diff=324301136,324301136,1257526368,192.101.252.103
974041,Foreman of Signals,http://en.wikipedia.org/w/index.php?diff=324044987,324044987,1257405409,192.101.252.103
248001,Web Ontology Language,http://en.wikipedia.org/w/index.php?diff=323697098,323697098,1257260292,192.101.252.103
248001,Web Ontology Language,http://en.wikipedia.org/w/index.php?diff=323696945,323696945,1257260229,192.101.252.103
248001,Web Ontology Language,http://en.wikipedia.org/w/index.php?diff=323695459,323695459,1257259636,192.101.252.103
248001,Web Ontology Language,http://en.wikipedia.org/w/index.php?diff=323691863,323691863,1257258069,192.101.252.103
9834282,Talk:Wiehen Hills,http://en.wikipedia.org/w/index.php?diff=323118248,323118248,1257005589,192.101.252.103
383062,Civil-Military Co-operation,http://en.wikipedia.org/w/index.php?diff=321353516,321353516,1256204714,192.101.252.103
522449,Requirements analysis,http://en.wikipedia.org/w/index.php?diff=321155209,321155209,1256111617,152.152.95.1
138419,"Bridgeport, West Virginia",http://en.wikipedia.org/w/index.php?diff=320766767,320766767,1255944167,192.101.252.103
2135292,132 Armoured Division Ariete,http://en.wikipedia.org/w/index.php?diff=317151735,317151735,1254341780,192.101.252.103
2135292,132 Armoured Division Ariete,http://en.wikipedia.org/w/index.php?diff=317151391,317151391,1254341671,192.101.252.103
863856,Norwich Terrier,http://en.wikipedia.org/w/index.php?diff=316110517,316110517,1253880990,192.101.252.103
1580593,Norfolk Terrier,http://en.wikipedia.org/w/index.php?diff=316109454,316109454,1253880405,192.101.252.103
1580593,Norfolk Terrier,http://en.wikipedia.org/w/index.php?diff=316109376,316109376,1253880360,192.101.252.103
1580593,Norfolk Terrier,http://en.wikipedia.org/w/index.php?diff=316108991,316108991,1253880144,192.101.252.103
1580593,Norfolk Terrier,http://en.wikipedia.org/w/index.php?diff=316108445,316108445,1253879877,192.101.252.103
1580593,Norfolk Terrier,http://en.wikipedia.org/w/index.php?diff=316108147,316108147,1253879710,192.101.252.103
1326294,Battle of the Rosebud,http://en.wikipedia.org/w/index.php?diff=315054256,315054256,1253429180,192.101.252.103
9793428,Talk:Annie Moore (immigrant),http://en.wikipedia.org/w/index.php?diff=314868755,314868755,1253342299,192.101.252.103
24298,Potsdam Conference,http://en.wikipedia.org/w/index.php?diff=314535510,314535510,1253198641,192.101.252.103
275811,Anders Fogh Rasmussen,http://en.wikipedia.org/w/index.php?diff=312747541,312747541,1252486684,152.152.95.1
9406650,451st Air Expeditionary Wing,http://en.wikipedia.org/w/index.php?diff=308585660,308585660,1250556423,192.101.252.103
9406650,451st Air Expeditionary Wing,http://en.wikipedia.org/w/index.php?diff=308585507,308585507,1250556371,192.101.252.103
8661257,United Kingdom casualties of war,http://en.wikipedia.org/w/index.php?diff=308356051,308356051,1250455614,192.101.252.103
10035801,Bobby Lowder,http://en.wikipedia.org/w/index.php?diff=308108047,308108047,1250336336,192.101.252.103
78186,Atomium,http://en.wikipedia.org/w/index.php?diff=307309877,307309877,1249970040,192.101.252.34
78186,Atomium,http://en.wikipedia.org/w/index.php?diff=307309841,307309841,1249970017,192.101.252.34
86947,Grand Place,http://en.wikipedia.org/w/index.php?diff=307309788,307309788,1249969982,192.101.252.34
86947,Grand Place,http://en.wikipedia.org/w/index.php?diff=307309149,307309149,1249969589,192.101.252.34
89265,Jean-Claude Van Damme,http://en.wikipedia.org/w/index.php?diff=301545091,301545091,1247316253,192.101.252.103
2135292,132 Armoured Division Ariete,http://en.wikipedia.org/w/index.php?diff=299999035,299999035,1246597380,192.101.252.103
2135292,132 Armoured Division Ariete,http://en.wikipedia.org/w/index.php?diff=299997931,299997931,1246596641,192.101.252.103
5277058,Paul McKenna (footballer),http://en.wikipedia.org/w/index.php?diff=299280404,299280404,1246268106,192.101.252.103
378010,Planning,http://en.wikipedia.org/w/index.php?diff=299267915,299267915,1246260488,192.101.252.103
194200,International Security Assistance Force,http://en.wikipedia.org/w/index.php?diff=299004400,299004400,1246137089,192.101.252.103
194200,International Security Assistance Force,http://en.wikipedia.org/w/index.php?diff=299004130,299004130,1246136985,192.101.252.103
13491002,Huawei E220,http://en.wikipedia.org/w/index.php?diff=297878413,297878413,1245660403,192.101.252.103
3200382,Upper ontology (information science),http://en.wikipedia.org/w/index.php?diff=297141988,297141988,1245324549,192.101.252.103
771465,Ostensive definition,http://en.wikipedia.org/w/index.php?diff=295939154,295939154,1244794769,192.101.252.103
2635773,William Ernest Johnson,http://en.wikipedia.org/w/index.php?diff=295939058,295939058,1244794698,192.101.252.103
2635773,William Ernest Johnson,http://en.wikipedia.org/w/index.php?diff=295938925,295938925,1244794614,192.101.252.103
2635773,William Ernest Johnson,http://en.wikipedia.org/w/index.php?diff=295938816,295938816,1244794544,192.101.252.103
771465,Ostensive definition,http://en.wikipedia.org/w/index.php?diff=295938694,295938694,1244794461,192.101.252.103
771465,Ostensive definition,http://en.wikipedia.org/w/index.php?diff=295934798,295934798,1244791910,192.101.252.103
771465,Ostensive definition,http://en.wikipedia.org/w/index.php?diff=295934625,295934625,1244791804,192.101.252.103
771465,Ostensive definition,http://en.wikipedia.org/w/index.php?diff=295934481,295934481,1244791690,192.101.252.103
771465,Ostensive definition,http://en.wikipedia.org/w/index.php?diff=295933677,295933677,1244791173,192.101.252.103
3200382,Upper ontology (information science),http://en.wikipedia.org/w/index.php?diff=295347280,295347280,1244542737,192.101.252.103
3200382,Upper ontology (information science),http://en.wikipedia.org/w/index.php?diff=295347175,295347175,1244542663,192.101.252.103
3200382,Upper ontology (information science),http://en.wikipedia.org/w/index.php?diff=295346820,295346820,1244542447,192.101.252.103
3200382,Upper ontology (information science),http://en.wikipedia.org/w/index.php?diff=295346177,295346177,1244542020,192.101.252.103
248001,Web Ontology Language,http://en.wikipedia.org/w/index.php?diff=295178230,295178230,1244472277,192.101.252.103
248001,Web Ontology Language,http://en.wikipedia.org/w/index.php?diff=295178170,295178170,1244472250,192.101.252.103
248001,Web Ontology Language,http://en.wikipedia.org/w/index.php?diff=295177987,295177987,1244472169,192.101.252.103
4721,British Empire,http://en.wikipedia.org/w/index.php?diff=292248872,292248872,1243268669,192.101.252.103
431933,Cold air intake,http://en.wikipedia.org/w/index.php?diff=291393311,291393311,1242911516,192.101.252.103
431933,Cold air intake,http://en.wikipedia.org/w/index.php?diff=291392649,291392649,1242911247,192.101.252.103
183552,Seat of government,http://en.wikipedia.org/w/index.php?diff=288311471,288311471,1241633431,192.101.252.103
21761,November 13,http://en.wikipedia.org/w/index.php?diff=286624761,286624761,1240916561,192.101.252.103
21761,November 13,http://en.wikipedia.org/w/index.php?diff=286624735,286624735,1240916547,192.101.252.103
21761,November 13,http://en.wikipedia.org/w/index.php?diff=286624709,286624709,1240916535,192.101.252.103
17017887,17 Motorised Division Pavia,http://en.wikipedia.org/w/index.php?diff=282313282,282313282,1239100856,192.101.252.103
17017887,17 Motorised Division Pavia,http://en.wikipedia.org/w/index.php?diff=282313139,282313139,1239100771,192.101.252.103
17017887,17 Motorised Division Pavia,http://en.wikipedia.org/w/index.php?diff=282312496,282312496,1239100399,192.101.252.103
194200,International Security Assistance Force,http://en.wikipedia.org/w/index.php?diff=282311494,282311494,1239099863,192.101.252.103
17017887,17 Motorised Division Pavia,http://en.wikipedia.org/w/index.php?diff=282292622,282292622,1239089180,192.101.252.103
17017887,17 Motorised Division Pavia,http://en.wikipedia.org/w/index.php?diff=282292576,282292576,1239089155,192.101.252.103
17017887,17 Motorised Division Pavia,http://en.wikipedia.org/w/index.php?diff=282292451,282292451,1239089080,192.101.252.103
17017887,17 Motorised Division Pavia,http://en.wikipedia.org/w/index.php?diff=282292340,282292340,1239089021,192.101.252.103
17017887,17 Motorised Division Pavia,http://en.wikipedia.org/w/index.php?diff=282292188,282292188,1239088936,192.101.252.103
17017887,17 Motorised Division Pavia,http://en.wikipedia.org/w/index.php?diff=282083252,282083252,1239014578,192.101.252.103
17017887,17 Motorised Division Pavia,http://en.wikipedia.org/w/index.php?diff=282083043,282083043,1239014493,192.101.252.103
17017887,17 Motorised Division Pavia,http://en.wikipedia.org/w/index.php?diff=282082963,282082963,1239014453,192.101.252.103
17017887,17 Motorised Division Pavia,http://en.wikipedia.org/w/index.php?diff=282082560,282082560,1239014243,192.101.252.103
17017887,17 Motorised Division Pavia,http://en.wikipedia.org/w/index.php?diff=282056688,282056688,1239001150,192.101.252.103
17017887,17 Motorised Division Pavia,http://en.wikipedia.org/w/index.php?diff=282056640,282056640,1239001124,192.101.252.103
17017887,17 Motorised Division Pavia,http://en.wikipedia.org/w/index.php?diff=282056260,282056260,1239000914,192.101.252.103
17017887,17 Motorised Division Pavia,http://en.wikipedia.org/w/index.php?diff=282055769,282055769,1239000676,192.101.252.103
17017887,17 Motorised Division Pavia,http://en.wikipedia.org/w/index.php?diff=282055637,282055637,1239000599,192.101.252.103
17017887,17 Motorised Division Pavia,http://en.wikipedia.org/w/index.php?diff=282052110,282052110,1238999070,192.101.252.103
17017887,17 Motorised Division Pavia,http://en.wikipedia.org/w/index.php?diff=282051903,282051903,1238998989,192.101.252.103
17017887,17 Motorised Division Pavia,http://en.wikipedia.org/w/index.php?diff=282051811,282051811,1238998947,192.101.252.103
17017887,17 Motorised Division Pavia,http://en.wikipedia.org/w/index.php?diff=282051230,282051230,1238998707,192.101.252.103
17017887,17 Motorised Division Pavia,http://en.wikipedia.org/w/index.php?diff=282051070,282051070,1238998639,192.101.252.103
17017887,17 Motorised Division Pavia,http://en.wikipedia.org/w/index.php?diff=282050948,282050948,1238998589,192.101.252.103
17017887,17 Motorised Division Pavia,http://en.wikipedia.org/w/index.php?diff=282050523,282050523,1238998421,192.101.252.103
17017887,17 Motorised Division Pavia,http://en.wikipedia.org/w/index.php?diff=282050381,282050381,1238998360,192.101.252.103
17017887,17 Motorised Division Pavia,http://en.wikipedia.org/w/index.php?diff=282050173,282050173,1238998289,192.101.252.103
17017887,17 Motorised Division Pavia,http://en.wikipedia.org/w/index.php?diff=282049956,282049956,1238998188,192.101.252.103
10992,Frankfurt am Main,http://en.wikipedia.org/w/index.php?diff=280876806,280876806,1238513366,193.110.130.103
17017887,17 Motorised Division Pavia,http://en.wikipedia.org/w/index.php?diff=280645629,280645629,1238420989,192.101.252.103
17017887,17 Motorised Division Pavia,http://en.wikipedia.org/w/index.php?diff=280644890,280644890,1238420696,192.101.252.103
17017887,17 Motorised Division Pavia,http://en.wikipedia.org/w/index.php?diff=280644266,280644266,1238420446,192.101.252.103
17017887,17 Motorised Division Pavia,http://en.wikipedia.org/w/index.php?diff=280643829,280643829,1238420280,192.101.252.103
17017887,17 Motorised Division Pavia,http://en.wikipedia.org/w/index.php?diff=280643391,280643391,1238420083,192.101.252.103
17017887,17 Motorised Division Pavia,http://en.wikipedia.org/w/index.php?diff=280643085,280643085,1238419963,192.101.252.103
17017887,17 Motorised Division Pavia,http://en.wikipedia.org/w/index.php?diff=280642879,280642879,1238419886,192.101.252.103
17017887,17 Motorised Division Pavia,http://en.wikipedia.org/w/index.php?diff=280642069,280642069,1238419527,192.101.252.103
189614,Battle of Bir Hakeim,http://en.wikipedia.org/w/index.php?diff=280640363,280640363,1238418743,192.101.252.103
17017887,17 Motorised Division Pavia,http://en.wikipedia.org/w/index.php?diff=280639234,280639234,1238418195,192.101.252.103
17017887,17 Motorised Division Pavia,http://en.wikipedia.org/w/index.php?diff=280639191,280639191,1238418170,192.101.252.103
17017887,17 Motorised Division Pavia,http://en.wikipedia.org/w/index.php?diff=280638652,280638652,1238417927,192.101.252.103
17017887,17 Motorised Division Pavia,http://en.wikipedia.org/w/index.php?diff=280629050,280629050,1238413708,192.101.252.103
17017887,17 Motorised Division Pavia,http://en.wikipedia.org/w/index.php?diff=280628921,280628921,1238413659,192.101.252.103
17017887,17 Motorised Division Pavia,http://en.wikipedia.org/w/index.php?diff=280628790,280628790,1238413608,192.101.252.103
17017887,17 Motorised Division Pavia,http://en.wikipedia.org/w/index.php?diff=280628571,280628571,1238413529,192.101.252.103
17017887,17 Motorised Division Pavia,http://en.wikipedia.org/w/index.php?diff=280600547,280600547,1238399237,192.101.252.103
1067633,Battle of Gazala,http://en.wikipedia.org/w/index.php?diff=280600312,280600312,1238399124,192.101.252.103
17017887,17 Motorised Division Pavia,http://en.wikipedia.org/w/index.php?diff=280599922,280599922,1238398905,192.101.252.103
17017887,17 Motorised Division Pavia,http://en.wikipedia.org/w/index.php?diff=280599361,280599361,1238398593,192.101.252.103
17017887,17 Motorised Division Pavia,http://en.wikipedia.org/w/index.php?diff=280599048,280599048,1238398422,192.101.252.103
17017887,17 Motorised Division Pavia,http://en.wikipedia.org/w/index.php?diff=280598769,280598769,1238398272,192.101.252.103
17017887,17 Motorised Division Pavia,http://en.wikipedia.org/w/index.php?diff=280213877,280213877,1238249351,192.101.252.103
17017887,17 Motorised Division Pavia,http://en.wikipedia.org/w/index.php?diff=280213698,280213698,1238249273,192.101.252.103
17017887,17 Motorised Division Pavia,http://en.wikipedia.org/w/index.php?diff=280212363,280212363,1238248677,192.101.252.103
17017887,17 Motorised Division Pavia,http://en.wikipedia.org/w/index.php?diff=280212211,280212211,1238248604,192.101.252.103
17017887,17 Motorised Division Pavia,http://en.wikipedia.org/w/index.php?diff=280211217,280211217,1238248160,192.101.252.103
17017887,17 Motorised Division Pavia,http://en.wikipedia.org/w/index.php?diff=280211073,280211073,1238248094,192.101.252.103
17017887,17 Motorised Division Pavia,http://en.wikipedia.org/w/index.php?diff=280210830,280210830,1238247987,192.101.252.103
17017887,17 Motorised Division Pavia,http://en.wikipedia.org/w/index.php?diff=280209374,280209374,1238247297,192.101.252.103
6827,Cuban Missile Crisis,http://en.wikipedia.org/w/index.php?diff=279770324,279770324,1238061925,193.110.130.103
18464170,Giampaolo Di Paola,http://en.wikipedia.org/w/index.php?diff=278315938,278315938,1237465130,152.152.95.1
334569,T. C. Williams High School,http://en.wikipedia.org/w/index.php?diff=278113295,278113295,1237387705,192.101.252.103
88297,Pongo,http://en.wikipedia.org/w/index.php?diff=278053152,278053152,1237360035,192.101.252.103
88297,Pongo,http://en.wikipedia.org/w/index.php?diff=278053053,278053053,1237359959,192.101.252.103
88297,Pongo,http://en.wikipedia.org/w/index.php?diff=278052112,278052112,1237359329,192.101.252.103
14787,Iran–Contra affair,http://en.wikipedia.org/w/index.php?diff=277248388,277248388,1237062438,192.101.252.103
16826,Kabul,http://en.wikipedia.org/w/index.php?diff=275358412,275358412,1236330080,192.101.252.103
16826,Kabul,http://en.wikipedia.org/w/index.php?diff=275358306,275358306,1236330020,192.101.252.103
198466,Waldorf salad,http://en.wikipedia.org/w/index.php?diff=275156110,275156110,1236257755,193.110.130.103
5087293,Amsterdams Historisch Museum,http://en.wikipedia.org/w/index.php?diff=274688683,274688683,1236090328,193.110.130.103
8868523,Interior Communications Electrician,http://en.wikipedia.org/w/index.php?diff=272924876,272924876,1235465461,192.101.252.103
20503548,Natick High School,http://en.wikipedia.org/w/index.php?diff=272722960,272722960,1235399558,192.101.252.103
20503548,Natick High School,http://en.wikipedia.org/w/index.php?diff=272722806,272722806,1235399499,192.101.252.103
20503548,Natick High School,http://en.wikipedia.org/w/index.php?diff=272719138,272719138,1235398124,192.101.252.103
8868523,Interior Communications Electrician,http://en.wikipedia.org/w/index.php?diff=272717461,272717461,1235397450,192.101.252.103
8868523,Interior Communications Electrician,http://en.wikipedia.org/w/index.php?diff=272717178,272717178,1235397341,192.101.252.103
8868523,Interior Communications Electrician,http://en.wikipedia.org/w/index.php?diff=272675493,272675493,1235374754,192.101.252.103
11018045,249th Engineer Battalion (United States),http://en.wikipedia.org/w/index.php?diff=269925948,269925948,1234324014,192.101.252.103
11018045,249th Engineer Battalion (United States),http://en.wikipedia.org/w/index.php?diff=269756109,269756109,1234268746,192.101.252.103
11018045,249th Engineer Battalion (United States),http://en.wikipedia.org/w/index.php?diff=269755718,269755718,1234268544,192.101.252.103
11018045,249th Engineer Battalion (United States),http://en.wikipedia.org/w/index.php?diff=269754026,269754026,1234267609,192.101.252.103
11018045,249th Engineer Battalion (United States),http://en.wikipedia.org/w/index.php?diff=269753622,269753622,1234267386,192.101.252.103
3257257,NATO Air Base Geilenkirchen,http://en.wikipedia.org/w/index.php?diff=269492422,269492422,1234166263,193.110.130.103
7514740,Kongsberg Colt,http://en.wikipedia.org/w/index.php?diff=268234080,268234080,1233662118,152.152.95.1
383062,Civil-Military Co-operation,http://en.wikipedia.org/w/index.php?diff=268004896,268004896,1233567114,192.101.252.103
383062,Civil-Military Co-operation,http://en.wikipedia.org/w/index.php?diff=268004822,268004822,1233567070,192.101.252.103
278895,Roosevelt Corollary,http://en.wikipedia.org/w/index.php?diff=262932184,262932184,1231489091,193.110.130.103
17111113,NATO Training Mission – Iraq,http://en.wikipedia.org/w/index.php?diff=262505600,262505600,1231326981,192.101.252.103
17111113,NATO Training Mission – Iraq,http://en.wikipedia.org/w/index.php?diff=262505515,262505515,1231326922,192.101.252.103
17111113,NATO Training Mission – Iraq,http://en.wikipedia.org/w/index.php?diff=262499938,262499938,1231323801,192.101.252.103
17111113,NATO Training Mission – Iraq,http://en.wikipedia.org/w/index.php?diff=262499665,262499665,1231323632,192.101.252.103
3257257,NATO Air Base Geilenkirchen,http://en.wikipedia.org/w/index.php?diff=262106731,262106731,1231170894,193.110.130.103
3257257,NATO Air Base Geilenkirchen,http://en.wikipedia.org/w/index.php?diff=262106411,262106411,1231170766,193.110.130.103
51462,Machine,http://en.wikipedia.org/w/index.php?diff=255610802,255610802,1228301334,152.152.95.1
51462,Machine,http://en.wikipedia.org/w/index.php?diff=255610776,255610776,1228301316,152.152.95.1
51462,Machine,http://en.wikipedia.org/w/index.php?diff=255610651,255610651,1228301233,152.152.95.1
343949,Indian Army,http://en.wikipedia.org/w/index.php?diff=254391972,254391972,1227777026,193.110.130.103
343949,Indian Army,http://en.wikipedia.org/w/index.php?diff=254391876,254391876,1227776973,193.110.130.103
1019389,Lund,http://en.wikipedia.org/w/index.php?diff=252756761,252756761,1227091354,152.152.95.1
6245624,Military ranks of the Dutch armed forces,http://en.wikipedia.org/w/index.php?diff=251310150,251310150,1226484811,192.101.252.103
6245624,Military ranks of the Dutch armed forces,http://en.wikipedia.org/w/index.php?diff=251310040,251310040,1226484761,192.101.252.103
6245624,Military ranks of the Dutch armed forces,http://en.wikipedia.org/w/index.php?diff=251309930,251309930,1226484700,192.101.252.103
6245624,Military ranks of the Dutch armed forces,http://en.wikipedia.org/w/index.php?diff=251309878,251309878,1226484667,192.101.252.103
6245624,Military ranks of the Dutch armed forces,http://en.wikipedia.org/w/index.php?diff=251309789,251309789,1226484621,192.101.252.103
16283969,Wikipedia:Sandbox,http://en.wikipedia.org/w/index.php?diff=249178339,249178339,1225630176,192.101.252.103
16283969,Wikipedia:Sandbox,http://en.wikipedia.org/w/index.php?diff=249178251,249178251,1225630129,192.101.252.103
1033125,IBM WebSphere MQ,http://en.wikipedia.org/w/index.php?diff=245234583,245234583,1223997705,193.110.130.103
1386404,List of Macedonians (ethnic group),http://en.wikipedia.org/w/index.php?diff=244990165,244990165,1223906326,193.110.130.103
20125,Maastricht,http://en.wikipedia.org/w/index.php?diff=240236358,240236358,1222094623,193.110.130.103
76972,Denmark,http://en.wikipedia.org/w/index.php?diff=239014652,239014652,1221656453,152.152.95.1
17850451,User talk:Nangarhar,http://en.wikipedia.org/w/index.php?diff=238784058,238784058,1221562979,192.101.252.103
35519,"United Kingdom general election, 1997",http://en.wikipedia.org/w/index.php?diff=237906248,237906248,1221214894,193.110.130.103
1884440,Comparison of file managers,http://en.wikipedia.org/w/index.php?diff=237673971,237673971,1221123872,193.110.130.103
1884440,Comparison of file managers,http://en.wikipedia.org/w/index.php?diff=237673867,237673867,1221123806,193.110.130.103
1884440,Comparison of file managers,http://en.wikipedia.org/w/index.php?diff=237673376,237673376,1221123520,193.110.130.103
7212561,Management of Technology,http://en.wikipedia.org/w/index.php?diff=235798367,235798367,1220356349,152.152.95.1
7212561,Management of Technology,http://en.wikipedia.org/w/index.php?diff=235798270,235798270,1220356294,152.152.95.1
9455369,Sky Srpska,http://en.wikipedia.org/w/index.php?diff=234742718,234742718,1219911619,192.101.252.103
2880512,Afghanistan Scout Association,http://en.wikipedia.org/w/index.php?diff=226050229,226050229,1216226187,193.110.130.103
2880512,Afghanistan Scout Association,http://en.wikipedia.org/w/index.php?diff=226049235,226049235,1216225873,193.110.130.103
99185,Châlons-en-Champagne,http://en.wikipedia.org/w/index.php?diff=225006009,225006009,1215779750,152.152.95.1
177195,Limoges,http://en.wikipedia.org/w/index.php?diff=225004250,225004250,1215778870,152.152.95.1
15932575,I. German/Dutch Corps,http://en.wikipedia.org/w/index.php?diff=223288316,223288316,1215087554,192.101.252.103
15932575,I. German/Dutch Corps,http://en.wikipedia.org/w/index.php?diff=223287390,223287390,1215087153,192.101.252.103
15932575,I. German/Dutch Corps,http://en.wikipedia.org/w/index.php?diff=223286436,223286436,1215086756,192.101.252.103
10616602,Denbigh Gliding Club,http://en.wikipedia.org/w/index.php?diff=222237396,222237396,1214637327,193.110.130.103
2695444,Ramush Haradinaj,http://en.wikipedia.org/w/index.php?diff=218205744,218205744,1213031163,193.110.130.103
6684,Communications in Afghanistan,http://en.wikipedia.org/w/index.php?diff=217884529,217884529,1212896985,193.110.130.103
484016,Fiat 500,http://en.wikipedia.org/w/index.php?diff=215685513,215685513,1212045484,152.152.95.1
484016,Fiat 500,http://en.wikipedia.org/w/index.php?diff=215685304,215685304,1212045360,152.152.95.1
266545,Citroën DS,http://en.wikipedia.org/w/index.php?diff=215683541,215683541,1212044363,152.152.95.1
266545,Citroën DS,http://en.wikipedia.org/w/index.php?diff=215683398,215683398,1212044266,152.152.95.1
765473,USS Howard (DDG-83),http://en.wikipedia.org/w/index.php?diff=211453006,211453006,1210422948,193.110.130.103
178058,Søndre Land,http://en.wikipedia.org/w/index.php?diff=211046449,211046449,1210260888,152.152.95.1
4118231,AN/PEQ-5,http://en.wikipedia.org/w/index.php?diff=200601543,200601543,1206384966,193.110.130.103
11082978,Ivan Milas (footballer),http://en.wikipedia.org/w/index.php?diff=199067268,199067268,1205842524,193.110.130.103
1400496,Michael Voith,http://en.wikipedia.org/w/index.php?diff=197223954,197223954,1205155897,193.110.130.103
1400496,Michael Voith,http://en.wikipedia.org/w/index.php?diff=197222832,197222832,1205155465,193.110.130.103
1400496,Michael Voith,http://en.wikipedia.org/w/index.php?diff=197221956,197221956,1205155103,193.110.130.103
1400496,Michael Voith,http://en.wikipedia.org/w/index.php?diff=197219868,197219868,1205154324,193.110.130.103
1400496,Michael Voith,http://en.wikipedia.org/w/index.php?diff=197219562,197219562,1205154208,193.110.130.103
822179,Marmaris,http://en.wikipedia.org/w/index.php?diff=188368501,188368501,1201869976,193.110.130.103
21978,Neil Kinnock,http://en.wikipedia.org/w/index.php?diff=185171920,185171920,1200647763,193.110.130.103
21978,Neil Kinnock,http://en.wikipedia.org/w/index.php?diff=185171876,185171876,1200647737,193.110.130.103
429846,British Council,http://en.wikipedia.org/w/index.php?diff=185171179,185171179,1200647283,193.110.130.103
13936223,Limbu Clans and Tribes,http://en.wikipedia.org/w/index.php?diff=179768701,179768701,1198410519,193.110.130.103
13936223,Limbu Clans and Tribes,http://en.wikipedia.org/w/index.php?diff=179768403,179768403,1198410296,193.110.130.103
13936223,Limbu Clans and Tribes,http://en.wikipedia.org/w/index.php?diff=179768167,179768167,1198410121,193.110.130.103
13936223,Limbu Clans and Tribes,http://en.wikipedia.org/w/index.php?diff=179767868,179767868,1198409920,193.110.130.103
792215,Lake Sevan,http://en.wikipedia.org/w/index.php?diff=174839488,174839488,1196435331,152.152.95.1
9080273,"Çaykənd, Goygol",http://en.wikipedia.org/w/index.php?diff=174838929,174838929,1196435126,152.152.95.1
792215,Lake Sevan,http://en.wikipedia.org/w/index.php?diff=174838017,174838017,1196434793,152.152.95.1
9080273,"Çaykənd, Goygol",http://en.wikipedia.org/w/index.php?diff=174837773,174837773,1196434717,152.152.95.1
4010136,Salmas,http://en.wikipedia.org/w/index.php?diff=174807881,174807881,1196420919,152.152.95.1
615663,Urmia,http://en.wikipedia.org/w/index.php?diff=174805573,174805573,1196419422,152.152.95.1
615663,Urmia,http://en.wikipedia.org/w/index.php?diff=174805514,174805514,1196419385,152.152.95.1
21579,November 28,http://en.wikipedia.org/w/index.php?diff=174354997,174354997,1196252656,193.110.130.103
82052,List of Germans,http://en.wikipedia.org/w/index.php?diff=171389351,171389351,1195026550,193.110.130.103
82052,List of Germans,http://en.wikipedia.org/w/index.php?diff=171387846,171387846,1195025658,193.110.130.103
658701,Sayat-Nova,http://en.wikipedia.org/w/index.php?diff=171196509,171196509,1194961351,152.152.95.1
658701,Sayat-Nova,http://en.wikipedia.org/w/index.php?diff=171196394,171196394,1194961301,152.152.95.1
658701,Sayat-Nova,http://en.wikipedia.org/w/index.php?diff=171196255,171196255,1194961247,152.152.95.1
1400496,Michael Voith,http://en.wikipedia.org/w/index.php?diff=171184509,171184509,1194955381,193.110.130.103
1400496,Michael Voith,http://en.wikipedia.org/w/index.php?diff=171183791,171183791,1194954978,193.110.130.103
2074581,Combat Action Badge,http://en.wikipedia.org/w/index.php?diff=170284735,170284735,1194595410,192.101.252.103
2074581,Combat Action Badge,http://en.wikipedia.org/w/index.php?diff=170284608,170284608,1194595330,192.101.252.103
2074581,Combat Action Badge,http://en.wikipedia.org/w/index.php?diff=170284265,170284265,1194595104,192.101.252.103
499258,SIG P210,http://en.wikipedia.org/w/index.php?diff=170084666,170084666,1194525379,193.110.130.103
3058347,Folk hero,http://en.wikipedia.org/w/index.php?diff=169394004,169394004,1194278033,193.110.130.103
5215751,Multi-National Force – Iraq,http://en.wikipedia.org/w/index.php?diff=168498362,168498362,1193922153,193.110.130.103
5215751,Multi-National Force – Iraq,http://en.wikipedia.org/w/index.php?diff=168498075,168498075,1193922023,193.110.130.103
16826,Kabul,http://en.wikipedia.org/w/index.php?diff=166712292,166712292,1193218415,193.110.130.103
1236125,European Union Force,http://en.wikipedia.org/w/index.php?diff=166692969,166692969,1193206074,193.110.130.103
1236125,European Union Force,http://en.wikipedia.org/w/index.php?diff=166692929,166692929,1193206054,193.110.130.103
1228307,Thionville,http://en.wikipedia.org/w/index.php?diff=165725131,165725131,1192832730,193.110.130.103
900231,Team America: World Police,http://en.wikipedia.org/w/index.php?diff=164968036,164968036,1192548801,193.110.130.103
65220,Nagorno-Karabakh,http://en.wikipedia.org/w/index.php?diff=162460198,162460198,1191594201,152.152.95.1
1223684,Veer-Zaara,http://en.wikipedia.org/w/index.php?diff=162213726,162213726,1191494708,193.110.130.103
1133713,Coalition casualties in Afghanistan,http://en.wikipedia.org/w/index.php?diff=160900343,160900343,1190982064,193.110.130.103
1133713,Coalition casualties in Afghanistan,http://en.wikipedia.org/w/index.php?diff=160636679,160636679,1190871266,193.110.130.103
1133713,Coalition casualties in Afghanistan,http://en.wikipedia.org/w/index.php?diff=160636235,160636235,1190871055,193.110.130.103
567988,Blackwater Worldwide,http://en.wikipedia.org/w/index.php?diff=159550347,159550347,1190442119,193.110.130.103
201690,Joint Direct Attack Munition,http://en.wikipedia.org/w/index.php?diff=158931084,158931084,1190202760,193.110.130.103
243855,Alvin C. York,http://en.wikipedia.org/w/index.php?diff=156282166,156282166,1189177184,193.110.130.103
487602,Kabul International Airport,http://en.wikipedia.org/w/index.php?diff=156219634,156219634,1189146551,193.110.130.103
17143,Koala,http://en.wikipedia.org/w/index.php?diff=156015765,156015765,1189068482,193.110.130.103
27989,September 3,http://en.wikipedia.org/w/index.php?diff=155439710,155439710,1188837326,193.110.130.103
10927351,Azerbaijani National Guard,http://en.wikipedia.org/w/index.php?diff=155386762,155386762,1188814566,152.152.95.1
13074571,Talk:Azerbaijani National Guard,http://en.wikipedia.org/w/index.php?diff=155386681,155386681,1188814526,152.152.95.1
10927351,Azerbaijani National Guard,http://en.wikipedia.org/w/index.php?diff=155386606,155386606,1188814480,152.152.95.1
541315,Talk:Alvin C. York,http://en.wikipedia.org/w/index.php?diff=154537455,154537455,1188451448,193.110.130.103
541315,Talk:Alvin C. York,http://en.wikipedia.org/w/index.php?diff=154537222,154537222,1188451330,193.110.130.103
541315,Talk:Alvin C. York,http://en.wikipedia.org/w/index.php?diff=154537107,154537107,1188451284,193.110.130.103
541315,Talk:Alvin C. York,http://en.wikipedia.org/w/index.php?diff=154536793,154536793,1188451139,193.110.130.103
541315,Talk:Alvin C. York,http://en.wikipedia.org/w/index.php?diff=154536285,154536285,1188450903,193.110.130.103
541315,Talk:Alvin C. York,http://en.wikipedia.org/w/index.php?diff=154535161,154535161,1188450407,193.110.130.103
541315,Talk:Alvin C. York,http://en.wikipedia.org/w/index.php?diff=154534819,154534819,1188450249,193.110.130.103
541315,Talk:Alvin C. York,http://en.wikipedia.org/w/index.php?diff=154515870,154515870,1188441710,193.110.130.103
243855,Alvin C. York,http://en.wikipedia.org/w/index.php?diff=154515626,154515626,1188441622,193.110.130.103
541315,Talk:Alvin C. York,http://en.wikipedia.org/w/index.php?diff=154408810,154408810,1188402734,193.110.130.103
541315,Talk:Alvin C. York,http://en.wikipedia.org/w/index.php?diff=154408717,154408717,1188402701,193.110.130.103
243855,Alvin C. York,http://en.wikipedia.org/w/index.php?diff=154408488,154408488,1188402624,193.110.130.103
541315,Talk:Alvin C. York,http://en.wikipedia.org/w/index.php?diff=154181798,154181798,1188313224,193.110.130.103
541315,Talk:Alvin C. York,http://en.wikipedia.org/w/index.php?diff=154181500,154181500,1188313136,193.110.130.103
541315,Talk:Alvin C. York,http://en.wikipedia.org/w/index.php?diff=152272166,152272166,1187542020,193.110.130.103
541315,Talk:Alvin C. York,http://en.wikipedia.org/w/index.php?diff=152272006,152272006,1187541958,193.110.130.103
541315,Talk:Alvin C. York,http://en.wikipedia.org/w/index.php?diff=152271893,152271893,1187541920,193.110.130.103
541315,Talk:Alvin C. York,http://en.wikipedia.org/w/index.php?diff=152271680,152271680,1187541841,193.110.130.103
243855,Alvin C. York,http://en.wikipedia.org/w/index.php?diff=152173403,152173403,1187494645,193.110.130.103
232689,Club of Rome,http://en.wikipedia.org/w/index.php?diff=151358367,151358367,1187172922,193.110.130.103
10751619,Operation Herrick order of battle,http://en.wikipedia.org/w/index.php?diff=150455163,150455163,1186775068,193.110.130.103
10751619,Operation Herrick order of battle,http://en.wikipedia.org/w/index.php?diff=150454198,150454198,1186774765,193.110.130.103
10751619,Operation Herrick order of battle,http://en.wikipedia.org/w/index.php?diff=150453664,150453664,1186774606,193.110.130.103
13519,Huns,http://en.wikipedia.org/w/index.php?diff=150362112,150362112,1186737584,193.110.130.103
194200,International Security Assistance Force,http://en.wikipedia.org/w/index.php?diff=149321019,149321019,1186308553,193.110.130.103
670380,Bob and Doug McKenzie,http://en.wikipedia.org/w/index.php?diff=147821659,147821659,1185698719,193.110.130.103
670380,Bob and Doug McKenzie,http://en.wikipedia.org/w/index.php?diff=147821271,147821271,1185698512,193.110.130.103
4623413,Cabinet Kohl IV,http://en.wikipedia.org/w/index.php?diff=147820129,147820129,1185697872,193.110.130.103
5903846,List of current Argentine senators,http://en.wikipedia.org/w/index.php?diff=147819794,147819794,1185697682,193.110.130.103
12113005,User talk:Vkunited,http://en.wikipedia.org/w/index.php?diff=142836535,142836535,1183702632,193.110.130.103
194200,International Security Assistance Force,http://en.wikipedia.org/w/index.php?diff=140503223,140503223,1182772440,152.152.95.1
194200,International Security Assistance Force,http://en.wikipedia.org/w/index.php?diff=140498189,140498189,1182770093,152.152.95.1
194200,International Security Assistance Force,http://en.wikipedia.org/w/index.php?diff=140471554,140471554,1182756784,152.152.95.1
194200,International Security Assistance Force,http://en.wikipedia.org/w/index.php?diff=140471491,140471491,1182756748,152.152.95.1
194200,International Security Assistance Force,http://en.wikipedia.org/w/index.php?diff=140471266,140471266,1182756648,152.152.95.1
194200,International Security Assistance Force,http://en.wikipedia.org/w/index.php?diff=140470579,140470579,1182756300,152.152.95.1
194200,International Security Assistance Force,http://en.wikipedia.org/w/index.php?diff=140469833,140469833,1182755903,152.152.95.1
194200,International Security Assistance Force,http://en.wikipedia.org/w/index.php?diff=140469739,140469739,1182755861,152.152.95.1
194200,International Security Assistance Force,http://en.wikipedia.org/w/index.php?diff=140468434,140468434,1182755236,152.152.95.1
368004,Royal Logistic Corps,http://en.wikipedia.org/w/index.php?diff=138310493,138310493,1181895284,193.110.130.103
3282781,Neil Ross,http://en.wikipedia.org/w/index.php?diff=137943079,137943079,1181756459,193.110.130.103
146972,Croatia Airlines,http://en.wikipedia.org/w/index.php?diff=137456212,137456212,1181571513,193.110.130.103
146972,Croatia Airlines,http://en.wikipedia.org/w/index.php?diff=137456080,137456080,1181571466,193.110.130.103
6612616,Blaydes House,http://en.wikipedia.org/w/index.php?diff=135798793,135798793,1180971144,193.110.130.103
21522563,User:Sammy snake,http://en.wikipedia.org/w/index.php?diff=135041202,135041202,1180684859,193.110.130.103
8604823,USS Mercury,http://en.wikipedia.org/w/index.php?diff=132861643,132861643,1179895646,193.110.130.103
2023407,USS Pivot (AM-276),http://en.wikipedia.org/w/index.php?diff=132859796,132859796,1179894799,193.110.130.103
20733,MDI,http://en.wikipedia.org/w/index.php?diff=131507760,131507760,1179397546,193.110.130.103
5497609,Dadullah,http://en.wikipedia.org/w/index.php?diff=130485760,130485760,1179036503,193.110.130.103
37764,Hippopotamus,http://en.wikipedia.org/w/index.php?diff=130429450,130429450,1179014585,192.101.252.103
21133,NATO,http://en.wikipedia.org/w/index.php?diff=129773385,129773385,1178785581,193.110.130.103
2331662,Hostel (film),http://en.wikipedia.org/w/index.php?diff=127900755,127900755,1178177971,152.152.97.140
2429030,Home Information Pack,http://en.wikipedia.org/w/index.php?diff=127661921,127661921,1178106405,193.110.130.103
6713,Conan the Barbarian,http://en.wikipedia.org/w/index.php?diff=127258262,127258262,1177970383,192.101.252.103
1011,April 30,http://en.wikipedia.org/w/index.php?diff=127140439,127140439,1177942254,193.110.130.103
2331662,Hostel (film),http://en.wikipedia.org/w/index.php?diff=127088892,127088892,1177921541,152.152.97.213
2331662,Hostel (film),http://en.wikipedia.org/w/index.php?diff=127088783,127088783,1177921503,152.152.97.213
1890959,Gianna Jessen,http://en.wikipedia.org/w/index.php?diff=124301355,124301355,1177052495,193.110.130.103
10466950,Wikipedia:Articles for creation/2007-04-05,http://en.wikipedia.org/w/index.php?diff=120506603,120506603,1175788785,193.110.130.103
31730,British Armed Forces,http://en.wikipedia.org/w/index.php?diff=118966809,118966809,1175229924,193.110.130.103
232689,Club of Rome,http://en.wikipedia.org/w/index.php?diff=118254789,118254789,1175003226,193.110.130.103
566065,Kanzi,http://en.wikipedia.org/w/index.php?diff=117865605,117865605,1174865182,193.110.130.103
1947787,Women in the military,http://en.wikipedia.org/w/index.php?diff=116193564,116193564,1174283425,193.110.130.103
871480,William J. Fallon,http://en.wikipedia.org/w/index.php?diff=116192375,116192375,1174282865,193.110.130.103
213199,Heather Mills,http://en.wikipedia.org/w/index.php?diff=115523670,115523670,1174039552,193.110.130.103
213199,Heather Mills,http://en.wikipedia.org/w/index.php?diff=115523607,115523607,1174039517,193.110.130.103
213199,Heather Mills,http://en.wikipedia.org/w/index.php?diff=115523544,115523544,1174039483,193.110.130.103
424806,"Quebec independence referendum, 1995",http://en.wikipedia.org/w/index.php?diff=114800657,114800657,1173796019,152.152.95.1
81629,Talk:Cyrillic alphabet,http://en.wikipedia.org/w/index.php?diff=113816514,113816514,1173443101,192.101.252.103
9951994,User talk:192.101.252.103,http://en.wikipedia.org/w/index.php?diff=113815410,113815410,1173442508,192.101.252.103
5695,Community,http://en.wikipedia.org/w/index.php?diff=113814075,113814075,1173441846,192.101.252.103
3608144,International English food terms,http://en.wikipedia.org/w/index.php?diff=113813309,113813309,1173441485,192.101.252.103
11619,Food writing,http://en.wikipedia.org/w/index.php?diff=113813053,113813053,1173441362,192.101.252.103
33543,List of recipes,http://en.wikipedia.org/w/index.php?diff=113812794,113812794,1173441230,192.101.252.103
5355,Cooking,http://en.wikipedia.org/w/index.php?diff=113812484,113812484,1173441077,192.101.252.103
8141606,English-language radio,http://en.wikipedia.org/w/index.php?diff=113812144,113812144,1173440913,192.101.252.103
45621,Psychopharmacology,http://en.wikipedia.org/w/index.php?diff=113288183,113288183,1173264315,193.110.130.103
900083,Home improvement,http://en.wikipedia.org/w/index.php?diff=111785210,111785210,1172737043,152.152.95.1
972209,Celebrity Poker Showdown,http://en.wikipedia.org/w/index.php?diff=109826277,109826277,1172071699,193.110.130.103
33589,Wal-Mart,http://en.wikipedia.org/w/index.php?diff=109628451,109628451,1172001289,193.110.130.103
24702,Peace,http://en.wikipedia.org/w/index.php?diff=109279825,109279825,1171882986,193.110.130.103
2242,Activism,http://en.wikipedia.org/w/index.php?diff=109279030,109279030,1171882584,193.110.130.103
21133,NATO,http://en.wikipedia.org/w/index.php?diff=108328866,108328866,1171549275,152.152.95.1
28733,Steganography,http://en.wikipedia.org/w/index.php?diff=108283973,108283973,1171526746,193.110.130.103
2747477,Ace Combat Zero: The Belkan War,http://en.wikipedia.org/w/index.php?diff=105789115,105789115,1170681560,193.110.130.103
2747477,Ace Combat Zero: The Belkan War,http://en.wikipedia.org/w/index.php?diff=105788143,105788143,1170681047,193.110.130.103
2747477,Ace Combat Zero: The Belkan War,http://en.wikipedia.org/w/index.php?diff=105788076,105788076,1170681018,193.110.130.103
1209,Area,http://en.wikipedia.org/w/index.php?diff=105554221,105554221,1170590494,193.110.130.103
1209,Area,http://en.wikipedia.org/w/index.php?diff=105553752,105553752,1170590211,193.110.130.103
6426475,Combined Joint Task Force 76,http://en.wikipedia.org/w/index.php?diff=102685154,102685154,1169568669,193.110.130.103
2277550,Apfelwein,http://en.wikipedia.org/w/index.php?diff=100304064,100304064,1168637300,193.110.130.103
2277550,Apfelwein,http://en.wikipedia.org/w/index.php?diff=100299631,100299631,1168636102,193.110.130.103
1047847,List of holidays by country,http://en.wikipedia.org/w/index.php?diff=100212086,100212086,1168607665,152.152.95.1
545985,Osteomalacia,http://en.wikipedia.org/w/index.php?diff=94941907,94941907,1166385694,192.101.252.103
545985,Osteomalacia,http://en.wikipedia.org/w/index.php?diff=94941569,94941569,1166385590,192.101.252.103
32512,Vitamin,http://en.wikipedia.org/w/index.php?diff=94929107,94929107,1166381372,192.101.252.103
32512,Vitamin,http://en.wikipedia.org/w/index.php?diff=94928513,94928513,1166381167,192.101.252.103
32512,Vitamin,http://en.wikipedia.org/w/index.php?diff=94928425,94928425,1166381139,192.101.252.103
32512,Vitamin,http://en.wikipedia.org/w/index.php?diff=94928105,94928105,1166381029,192.101.252.103
32512,Vitamin,http://en.wikipedia.org/w/index.php?diff=94927645,94927645,1166380857,192.101.252.103
32512,Vitamin,http://en.wikipedia.org/w/index.php?diff=94927012,94927012,1166380637,192.101.252.103
32512,Vitamin,http://en.wikipedia.org/w/index.php?diff=94926900,94926900,1166380596,192.101.252.103
32512,Vitamin,http://en.wikipedia.org/w/index.php?diff=94923202,94923202,1166379242,192.101.252.103
32512,Vitamin,http://en.wikipedia.org/w/index.php?diff=94923027,94923027,1166379169,192.101.252.103
184474,Sunderland A.F.C.,http://en.wikipedia.org/w/index.php?diff=93781093,93781093,1165915596,192.101.252.103
1806817,Template:Ranks and Insignia of NATO Armies/OR/Denmark,http://en.wikipedia.org/w/index.php?diff=92923250,92923250,1165586209,192.101.252.103
873213,Battle of Legnano,http://en.wikipedia.org/w/index.php?diff=92700819,92700819,1165502301,192.101.252.103
297149,National awakening of Romania,http://en.wikipedia.org/w/index.php?diff=91346838,91346838,1164964936,192.101.252.103
457263,Nangarhar Province,http://en.wikipedia.org/w/index.php?diff=90195224,90195224,1164535372,192.101.252.103
5047108,Government of Montenegro,http://en.wikipedia.org/w/index.php?diff=89803200,89803200,1164363057,152.152.95.1
25445,Romania,http://en.wikipedia.org/w/index.php?diff=89517213,89517213,1164228470,192.101.252.103
25445,Romania,http://en.wikipedia.org/w/index.php?diff=89516737,89516737,1164228307,192.101.252.103
7861588,Charlie Weatherbie,http://en.wikipedia.org/w/index.php?diff=89418534,89418534,1164188130,192.101.252.103
1473711,Talk:Cheyenne Mountain,http://en.wikipedia.org/w/index.php?diff=88976452,88976452,1164012059,152.152.95.1
10634933,African Union,http://en.wikipedia.org/w/index.php?diff=83656840,83656840,1161792206,193.110.130.103
56626,Belmopan,http://en.wikipedia.org/w/index.php?diff=82657976,82657976,1161365408,193.110.130.103
154412,Veurne,http://en.wikipedia.org/w/index.php?diff=82642753,82642753,1161359728,193.110.130.103
864183,Indecent Proposal,http://en.wikipedia.org/w/index.php?diff=82171893,82171893,1161160496,193.110.130.103
864183,Indecent Proposal,http://en.wikipedia.org/w/index.php?diff=82171166,82171166,1161159995,193.110.130.103
29618,Skopje,http://en.wikipedia.org/w/index.php?diff=81424977,81424977,1160845385,193.110.130.103
1812670,German Army rank insignia,http://en.wikipedia.org/w/index.php?diff=81010400,81010400,1160661652,193.110.130.103
1065439,German Armed Forces enlisted rank insignia,http://en.wikipedia.org/w/index.php?diff=81006832,81006832,1160660341,193.110.130.103
1065439,German Armed Forces enlisted rank insignia,http://en.wikipedia.org/w/index.php?diff=81006562,81006562,1160660225,193.110.130.103
10596,Frisian languages,http://en.wikipedia.org/w/index.php?diff=80974938,80974938,1160642559,193.110.130.103
10596,Frisian languages,http://en.wikipedia.org/w/index.php?diff=80974873,80974873,1160642509,193.110.130.103
3119136,British Army order of precedence,http://en.wikipedia.org/w/index.php?diff=80872992,80872992,1160596339,193.110.130.103
1315959,Royal Irish Regiment (1992),http://en.wikipedia.org/w/index.php?diff=80532835,80532835,1160444735,193.110.130.103
6814344,USS Arenac (APA-128),http://en.wikipedia.org/w/index.php?diff=80211546,80211546,1160317664,193.110.130.103
50399,Kiss,http://en.wikipedia.org/w/index.php?diff=79861309,79861309,1160149590,193.110.130.103
83383,Cybersex,http://en.wikipedia.org/w/index.php?diff=79857749,79857749,1160148317,193.110.130.103
1685339,Norderney,http://en.wikipedia.org/w/index.php?diff=79690814,79690814,1160072428,193.110.130.103
1843844,Meinhardt Raabe,http://en.wikipedia.org/w/index.php?diff=79437890,79437890,1159961125,193.110.130.103
1843844,Meinhardt Raabe,http://en.wikipedia.org/w/index.php?diff=79437551,79437551,1159960916,193.110.130.103
4914185,Talk:Jacob Kovco,http://en.wikipedia.org/w/index.php?diff=78488972,78488972,1159532550,193.110.130.103
4914185,Talk:Jacob Kovco,http://en.wikipedia.org/w/index.php?diff=78488839,78488839,1159532481,193.110.130.103
28178,September 26,http://en.wikipedia.org/w/index.php?diff=77901107,77901107,1159277625,193.110.130.103
28178,September 26,http://en.wikipedia.org/w/index.php?diff=77900707,77900707,1159277461,193.110.130.103
28178,September 26,http://en.wikipedia.org/w/index.php?diff=77900308,77900308,1159277280,193.110.130.103
28178,September 26,http://en.wikipedia.org/w/index.php?diff=77899335,77899335,1159276852,193.110.130.103
7124138,Groep fan Auwerk,http://en.wikipedia.org/w/index.php?diff=77385590,77385590,1159032735,193.110.130.103
399197,Wikipedia:Community portal/Opentask,http://en.wikipedia.org/w/index.php?diff=77377052,77377052,1159029494,193.110.130.103
46684,Anne of Great Britain,http://en.wikipedia.org/w/index.php?diff=76408709,76408709,1158586883,193.110.130.103
46684,Anne of Great Britain,http://en.wikipedia.org/w/index.php?diff=76408462,76408462,1158586759,193.110.130.103
27650,September 16,http://en.wikipedia.org/w/index.php?diff=76046242,76046242,1158413525,193.110.130.103
28145,September 15,http://en.wikipedia.org/w/index.php?diff=75902616,75902616,1158337315,193.110.130.103
130118,"Norman, Oklahoma",http://en.wikipedia.org/w/index.php?diff=74886166,74886166,1157887462,193.110.130.103
28544,September 9,http://en.wikipedia.org/w/index.php?diff=74739939,74739939,1157821035,193.110.130.103
27765,September 4,http://en.wikipedia.org/w/index.php?diff=73942354,73942354,1157462512,193.110.130.103
13289,History of the Netherlands,http://en.wikipedia.org/w/index.php?diff=73604250,73604250,1157305611,193.110.130.103
13289,History of the Netherlands,http://en.wikipedia.org/w/index.php?diff=73604039,73604039,1157305513,193.110.130.103
4514104,Template:History of the Netherlands,http://en.wikipedia.org/w/index.php?diff=73603604,73603604,1157305301,193.110.130.103
21148,Netherlands,http://en.wikipedia.org/w/index.php?diff=73603199,73603199,1157305112,193.110.130.103
6169210,Friso-Hollandic Wars,http://en.wikipedia.org/w/index.php?diff=73602131,73602131,1157304648,193.110.130.103
1656551,Dutch people,http://en.wikipedia.org/w/index.php?diff=73601637,73601637,1157304441,193.110.130.103
1656551,Dutch people,http://en.wikipedia.org/w/index.php?diff=73601360,73601360,1157304317,193.110.130.103
153676,Thomas Bradwardine,http://en.wikipedia.org/w/index.php?diff=71996643,71996643,1156597715,193.110.130.103
1628,August 23,http://en.wikipedia.org/w/index.php?diff=71388684,71388684,1156344284,193.110.130.103
690675,Asim Ferhatović Hase Stadium,http://en.wikipedia.org/w/index.php?diff=71161825,71161825,1156252066,193.110.130.103
36406,734,http://en.wikipedia.org/w/index.php?diff=70803263,70803263,1156098934,193.110.130.103
18933271,August 20,http://en.wikipedia.org/w/index.php?diff=70753980,70753980,1156077064,193.110.130.103
18933271,August 20,http://en.wikipedia.org/w/index.php?diff=70753860,70753860,1156076985,193.110.130.103
1047286,Schwerer Gustav,http://en.wikipedia.org/w/index.php?diff=70229591,70229591,1155824436,152.152.95.1
21133,NATO,http://en.wikipedia.org/w/index.php?diff=70072512,70072512,1155755860,193.110.130.103
26779,Soviet Union,http://en.wikipedia.org/w/index.php?diff=70063495,70063495,1155752899,193.110.130.103
26779,Soviet Union,http://en.wikipedia.org/w/index.php?diff=70063353,70063353,1155752857,193.110.130.103
26779,Soviet Union,http://en.wikipedia.org/w/index.php?diff=70063261,70063261,1155752825,193.110.130.103
493820,Languages of the European Union,http://en.wikipedia.org/w/index.php?diff=70036895,70036895,1155743910,193.110.130.103
882187,BMW 3 Series (E90),http://en.wikipedia.org/w/index.php?diff=65731494,65731494,1153823662,152.152.95.1
146200,John Pilger,http://en.wikipedia.org/w/index.php?diff=62331652,62331652,1152171602,193.110.130.103
1260662,Albanian Christian Democratic Party of Kosovo,http://en.wikipedia.org/w/index.php?diff=61800909,61800909,1151904482,193.110.130.103
157233,2006 FIFA World Cup,http://en.wikipedia.org/w/index.php?diff=61590987,61590987,1151788385,193.110.130.103
114562,"Kingston, Ontario",http://en.wikipedia.org/w/index.php?diff=60996228,60996228,1151491693,193.110.130.103
114562,"Kingston, Ontario",http://en.wikipedia.org/w/index.php?diff=60996162,60996162,1151491643,193.110.130.103
329417,Moose Jaw,http://en.wikipedia.org/w/index.php?diff=60291699,60291699,1151125084,193.110.130.103
5641894,Gomer Jones,http://en.wikipedia.org/w/index.php?diff=59993254,59993254,1150983049,152.152.95.1
1435063,Bob Stoops,http://en.wikipedia.org/w/index.php?diff=59991995,59991995,1150982423,152.152.95.1
1435063,Bob Stoops,http://en.wikipedia.org/w/index.php?diff=59991903,59991903,1150982380,152.152.95.1
1435063,Bob Stoops,http://en.wikipedia.org/w/index.php?diff=59991568,59991568,1150982221,152.152.95.1
2664431,Bud Wilkinson,http://en.wikipedia.org/w/index.php?diff=59988706,59988706,1150980823,152.152.95.1
458725,Braunton,http://en.wikipedia.org/w/index.php?diff=53193143,53193143,1147636142,193.110.130.103
2395,April 11,http://en.wikipedia.org/w/index.php?diff=47958970,47958970,1144765887,193.110.130.103
2395,April 11,http://en.wikipedia.org/w/index.php?diff=47958801,47958801,1144765816,193.110.130.103
2395,April 11,http://en.wikipedia.org/w/index.php?diff=47958662,47958662,1144765731,193.110.130.103
2006512,Chris Wilcox,http://en.wikipedia.org/w/index.php?diff=47050568,47050568,1144217945,193.110.130.103
2006512,Chris Wilcox,http://en.wikipedia.org/w/index.php?diff=47050235,47050235,1144217726,193.110.130.103
219777,Talk:Quebec French,http://en.wikipedia.org/w/index.php?diff=46751614,46751614,1144072838,193.110.130.103
1458958,CADPAT,http://en.wikipedia.org/w/index.php?diff=44023258,44023258,1142497639,193.110.130.129
4298507,Portal talk:NATO,http://en.wikipedia.org/w/index.php?diff=42942876,42942876,1141893790,152.152.95.1
1469267,Kam Air,http://en.wikipedia.org/w/index.php?diff=40816981,40816981,1140671141,193.110.130.129
15866,January 27,http://en.wikipedia.org/w/index.php?diff=36953972,36953972,1138376807,193.110.130.129
15866,January 27,http://en.wikipedia.org/w/index.php?diff=36952894,36952894,1138376261,193.110.130.129
15866,January 27,http://en.wikipedia.org/w/index.php?diff=36952652,36952652,1138376126,193.110.130.129
15866,January 27,http://en.wikipedia.org/w/index.php?diff=36951335,36951335,1138375431,193.110.130.129
15791,January 26,http://en.wikipedia.org/w/index.php?diff=36833924,36833924,1138305990,193.110.130.129
15791,January 26,http://en.wikipedia.org/w/index.php?diff=36831717,36831717,1138304974,193.110.130.129
15791,January 26,http://en.wikipedia.org/w/index.php?diff=36829791,36829791,1138304197,193.110.130.129
15791,January 26,http://en.wikipedia.org/w/index.php?diff=36829313,36829313,1138304027,193.110.130.129
15845,January 25,http://en.wikipedia.org/w/index.php?diff=36649312,36649312,1138202200,193.110.130.129
15845,January 25,http://en.wikipedia.org/w/index.php?diff=36649074,36649074,1138202067,193.110.130.129
15845,January 25,http://en.wikipedia.org/w/index.php?diff=36647951,36647951,1138201399,193.110.130.129
23751607,January 21,http://en.wikipedia.org/w/index.php?diff=36099686,36099686,1137861212,193.110.130.129
23751607,January 21,http://en.wikipedia.org/w/index.php?diff=36098428,36098428,1137860498,193.110.130.129
19360389,Talk:NATO,http://en.wikipedia.org/w/index.php?diff=35661583,35661583,1137581359,152.152.95.1
738,Albania,http://en.wikipedia.org/w/index.php?diff=35151971,35151971,1137251658,193.110.130.129
738,Albania,http://en.wikipedia.org/w/index.php?diff=35150918,35150918,1137250874,193.110.130.129
738,Albania,http://en.wikipedia.org/w/index.php?diff=35150506,35150506,1137250592,193.110.130.129
78242,The Sopranos,http://en.wikipedia.org/w/index.php?diff=35052727,35052727,1137182069,193.110.130.129
941206,Mikoyan Project 1.44,http://en.wikipedia.org/w/index.php?diff=34474750,34474750,1136795752,193.110.130.129
941206,Mikoyan Project 1.44,http://en.wikipedia.org/w/index.php?diff=34474528,34474528,1136795496,193.110.130.129
3275642,Greatest Hits (1985–1995),http://en.wikipedia.org/w/index.php?diff=29619556,29619556,1133295291,193.110.130.129
194200,International Security Assistance Force,http://en.wikipedia.org/w/index.php?diff=29571944,29571944,1133250646,193.110.130.129
2736986,Lucio Battisti,http://en.wikipedia.org/w/index.php?diff=28179292,28179292,1131857544,193.110.130.129
2736986,Lucio Battisti,http://en.wikipedia.org/w/index.php?diff=28178761,28178761,1131857125,193.110.130.129
19004,Moscow,http://en.wikipedia.org/w/index.php?diff=25996658,25996658,1129804424,193.110.130.129
19004,Moscow,http://en.wikipedia.org/w/index.php?diff=25996632,25996632,1129804387,193.110.130.129
17391,Kosovo,http://en.wikipedia.org/w/index.php?diff=25722606,25722606,1129536286,193.110.130.129
17391,Kosovo,http://en.wikipedia.org/w/index.php?diff=25722546,25722546,1129536223,193.110.130.129
19360389,Talk:NATO,http://en.wikipedia.org/w/index.php?diff=25189390,25189390,1128934950,152.152.95.1
1851764,Wong Jing,http://en.wikipedia.org/w/index.php?diff=21140642,21140642,1124201127,193.110.130.129
1834967,Hampton School,http://en.wikipedia.org/w/index.php?diff=21138842,21138842,1124198800,152.152.96.160
12024,General relativity,http://en.wikipedia.org/w/index.php?diff=20488563,20488563,1123439672,193.110.130.129
21269,Nasrudin,http://en.wikipedia.org/w/index.php?diff=19561164,19561164,1122279068,193.110.130.129
1533964,Stomach stapling,http://en.wikipedia.org/w/index.php?diff=19359494,19359494,1122017471,152.152.95.1
1177,Aleister Crowley,http://en.wikipedia.org/w/index.php?diff=18007318,18007318,1120302798,193.110.130.129
198478,Royal Netherlands Navy,http://en.wikipedia.org/w/index.php?diff=8905921,8905921,1103449673,193.110.130.129
198478,Royal Netherlands Navy,http://en.wikipedia.org/w/index.php?diff=8612058,8612058,1103449580,193.110.130.129
698457,Aleksei Brusilov,http://en.wikipedia.org/w/index.php?diff=8377455,8377455,1098886544,193.110.130.129
698457,Aleksei Brusilov,http://en.wikipedia.org/w/index.php?diff=6902806,6902806,1098886028,193.110.130.129
928521,Macedonian anthem,http://en.wikipedia.org/w/index.php?diff=5739315,5739315,1093421528,193.110.130.129
928494,Diferences between the bulgarian and the macedonian language,http://en.wikipedia.org/w/index.php?diff=6109572,6109572,1093420739,193.110.130.129
20182,Military of Afghanistan,http://en.wikipedia.org/w/index.php?diff=3878449,3878449,1074833399,193.110.130.129
